"","fold0","fold1","fold2"
"CHEMBL1614338",0.25,0.714285714285714,0.692307692307692
"CHEMBL1243971",0.475308641975309,0,0.777777777777778
"CHEMBL1614044",0.7,0.886363636363636,0.6875
"CHEMBL2045986",1,0.79047619047619,0.96551724137931
"CHEMBL618396",1,1,1
"CHEMBL3079731",0.601503759398496,1,0.720588235294118
"CHEMBL1794498",0.9575,0.947916666666667,0.915343915343915
"CHEMBL2091156",1,0.93287037037037,0.985714285714286
"CHEMBL2363253",0.56547619047619,0.515625,0.522727272727273
"CHEMBL1738192",0.73,0.753205128205128,0.98
"CHEMBL1614154",0.97979797979798,0.857558139534884,1
"CHEMBL1964055",0.75,0.931034482758621,0.807471264367816
"CHEMBL2363800",0.419642857142857,0.522727272727273,0.38125
"CHEMBL1794420",0.904040404040404,0.942857142857143,0.943121693121693
"CHEMBL2363263",0.527777777777778,0.553719008264463,0.428571428571429
"CHEMBL2363552",0.714285714285714,0.922077922077922,0.56198347107438
"CHEMBL2363168",0.48,0.7475,0.638392857142857
"CHEMBL3214806",0.7,0.753676470588235,0.93
"CHEMBL1794455",0.989974937343358,0.961904761904762,0.903743315508021
"CHEMBL1613998",0.56551724137931,0.452941176470588,0.510204081632653
"CHEMBL1614056",0.82,0.46031746031746,0.6
"CHEMBL1613903",0.548872180451128,0.458823529411765,0.430952380952381
"CHEMBL2363184",0.354166666666667,0.615740740740741,0.358333333333333
"CHEMBL1738619",0.796296296296296,0.611111111111111,0.64367816091954
"CHEMBL2363227",0.438888888888889,0.644628099173554,0.512345679012346
"CHEMBL1738514",0.565934065934066,0.481818181818182,0.516908212560387
"CHEMBL2114927",0.0645161290322581,0.46195652173913,0.524305555555556
"CHEMBL763093",0.649122807017544,0.573426573426573,0.857142857142857
"CHEMBL1614525",0.490909090909091,0.583333333333333,0.775462962962963
"CHEMBL2114803",0.888888888888889,0.77037037037037,0.6875
"CHEMBL1613775",0.683760683760684,0.816326530612245,0.726666666666667
"CHEMBL1614373",0.692307692307692,0.695833333333333,0.583333333333333
"CHEMBL1614070",0.307692307692308,0.777777777777778,0.416666666666667
"CHEMBL1026934",1,0.928571428571429,0.88
"CHEMBL1026933",0.914285714285714,0.955952380952381,0.95
"CHEMBL2363723",0.80672268907563,0.651515151515152,0.593333333333333
"CHEMBL864855",0.5,0.666666666666667,0.418981481481481
"CHEMBL772766",0.864583333333333,0.87797619047619,0.666666666666667
"CHEMBL806152",0.954545454545455,0.992307692307692,0.866666666666667
"CHEMBL1613812",1,0.479166666666667,0.71875
"CHEMBL2363265",0.672222222222222,0.708677685950413,0.494505494505495
"CHEMBL1024480",0.777777777777778,0,0.28
"CHEMBL2363541",0.605555555555556,0.458874458874459,0.412698412698413
"CHEMBL1614177",0.928571428571429,1,0.540229885057471
"CHEMBL1804798",0.803921568627451,0.916666666666667,0.877272727272727
"CHEMBL3111191",0.592592592592593,0.463636363636364,0.2
"CHEMBL1031359",0.95,0.833333333333333,0.58
"CHEMBL2363544",0.484162895927602,0.451048951048951,0.584821428571429
"CHEMBL2363339",0.5,0.644444444444444,0.548611111111111
"CHEMBL2363169",0.823863636363636,0.716666666666667,0.615384615384615
"CHEMBL2363165",0.681372549019608,0.639705882352941,0.551282051282051
"CHEMBL1738313",0.704761904761905,0.651785714285714,0.618729096989967
"CHEMBL2363531",0.478787878787879,0.634297520661157,0.586805555555556
"CHEMBL2363621",0.378787878787879,0.605357142857143,0.757936507936508
"CHEMBL1614265",0.551470588235294,0.833333333333333,0.494318181818182
"CHEMBL1738092",0.833333333333333,0.416326530612245,0.637037037037037
"CHEMBL1614380",0.941176470588235,0.961538461538461,0.742857142857143
"CHEMBL2363420",0.634615384615385,0.560416666666667,0.6375
"CHEMBL2354307",0.524528301886792,0.492753623188406,0.535353535353535
"CHEMBL2363375",0.676923076923077,0.700549450549451,0.466666666666667
"CHEMBL1738423",0.758333333333333,0.723707664884136,0.625
"CHEMBL3214828",0.859531772575251,0.804511278195489,0.843636363636364
"CHEMBL2114883",0.653846153846154,0.513157894736842,0.490950226244344
"CHEMBL1614408",0.600694444444444,0.458333333333333,0.569327731092437
"CHEMBL872182",0.916666666666667,0.947916666666667,0.64027149321267
"CHEMBL2363299",0.45959595959596,0.584033613445378,0.496969696969697
"CHEMBL1820680",0.866666666666667,0.623015873015873,0.6
"CHEMBL663474",0.755970149253731,1,0.888888888888889
"CHEMBL2363268",0.588235294117647,0.648829431438127,0.466517857142857
"CHEMBL2363393",0.638888888888889,0.615,0.46078431372549
"CHEMBL1737862",0.888888888888889,0.984042553191489,0.751111111111111
"CHEMBL2363642",0.527272727272727,0.607692307692308,0.626666666666667
"CHEMBL3215144",0.248387096774194,0.787037037037037,0.554838709677419
"CHEMBL2363467",0.738636363636364,0.905555555555556,0.673469387755102
"CHEMBL2363174",0.644736842105263,0.657439446366782,0.606334841628959
"CHEMBL1614417",0.57201646090535,0.495614035087719,0.463675213675214
"CHEMBL1614539",0.692982456140351,0.559210526315789,0.6375
"CHEMBL1738684",0.666666666666667,0.441176470588235,0.650537634408602
"CHEMBL3214981",0.673469387755102,0.5078125,0.549019607843137
"CHEMBL2363321",0.608695652173913,0.664285714285714,0.536231884057971
"CHEMBL3111197",0.564516129032258,0.386666666666667,0.4
"CHEMBL2114718",0.333333333333333,0.626644736842105,0.634615384615385
"CHEMBL1963857",0.953216374269006,0.862068965517241,0.752525252525253
"CHEMBL2363453",0.6,0.686363636363636,0.51875
"CHEMBL2363176",0.404761904761905,0.611842105263158,0.631016042780749
"CHEMBL1963849",1,0.5625,0.453703703703704
"CHEMBL1614210",0.554385964912281,0.55625,0.652173913043478
"CHEMBL2354260",0.602006688963211,0.408730158730159,0.616883116883117
"CHEMBL2363449",0.74,0.741935483870968,0.58974358974359
"CHEMBL1614482",0.908385093167702,0.72,0.601190476190476
"CHEMBL1614220",0.632016632016632,0.658564814814815,0.756521739130435
"CHEMBL2114914",0.690217391304348,0.71875,0.707070707070707
"CHEMBL2363438",0.484375,0.567873303167421,0.530952380952381
"CHEMBL1613956",0.662698412698413,0.659592529711375,0.621753246753247
"CHEMBL1613806",0.929230769230769,0.658496732026144,0.791666666666667
"CHEMBL1614450",0.708333333333333,0.44212962962963,0.555555555555556
"CHEMBL1167052",0.68961038961039,0.833333333333333,1
"CHEMBL1002712",0.930555555555556,0.782608695652174,0.970512820512821
"CHEMBL3111194",0.470588235294118,0.444078947368421,0.6
"CHEMBL1613859",0.589285714285714,0.608695652173913,0.619565217391304
"CHEMBL2363146",0.690821256038647,0.532407407407407,0.560714285714286
"CHEMBL2363395",0.639455782312925,0.64,0.684210526315789
"CHEMBL938648",0.787037037037037,0.75,0.703703703703704
"CHEMBL1613980",0.589430894308943,0.439393939393939,0.533333333333333
"CHEMBL2363581",0.643939393939394,0.776315789473684,0.606481481481482
"CHEMBL3215132",0.405405405405405,0.678125,0.586021505376344
"CHEMBL1614267",0.654761904761905,0.62962962962963,0.752066115702479
"CHEMBL2363277",0.660714285714286,0.663398692810457,0.676190476190476
"CHEMBL3111192",0.592857142857143,0.590395480225989,0.4
"CHEMBL3111198",0.491935483870968,0.71078431372549,0.555555555555556
"CHEMBL2363153",0.523809523809524,0.515,0.91812865497076
"CHEMBL2363197",0.574074074074074,0.636904761904762,0.636363636363636
"CHEMBL2363371",0.427631578947368,0.554166666666667,0.465
"CHEMBL2363734",0.45959595959596,0.688034188034188,0.464705882352941
"CHEMBL1614478",0.838095238095238,0.636160714285714,0.655555555555556
"CHEMBL2363336",0.638888888888889,0.666666666666667,0.534090909090909
"CHEMBL3111195",0.496551724137931,0.577731092436975,0.625
"CHEMBL2363278",0.6,0.629934210526316,0.5625
"CHEMBL2363351",0.623529411764706,0.5375,0.553921568627451
"CHEMBL2363391",0.506072874493927,0.7,0.53781512605042
"CHEMBL2363326",0.5125,0.676136363636364,0.608455882352941
"CHEMBL2363328",0.644444444444444,0.580555555555556,0.243055555555556
"CHEMBL2363330",0.601010101010101,0.48989898989899,0.808035714285714
"CHEMBL2363364",0.543103448275862,0.68,0.429752066115702
"CHEMBL2363333",0.606060606060606,0.535014005602241,0.658823529411765
"CHEMBL2363148",0.393939393939394,0.688405797101449,0.466942148760331
"CHEMBL2363264",0.543650793650794,0.563492063492063,0.51984126984127
"CHEMBL2363283",0.403409090909091,0.682352941176471,0.738562091503268
"CHEMBL2363660",0.692592592592593,0.58695652173913,0.595238095238095
"CHEMBL2363307",0.471590909090909,0.638157894736842,0.323717948717949
"CHEMBL2363247",0.398989898989899,0.703703703703704,0.482905982905983
"CHEMBL2363465",0.570048309178744,0.75,0.61
"CHEMBL2363225",0.471428571428571,0.461538461538462,0.518218623481781
"CHEMBL2363468",0.648,0.605769230769231,0.497607655502392
"CHEMBL2114826",0.44375,0.697435897435897,0.599451303155007
"CHEMBL3215266",0.526415094339623,0.550724637681159,0.505050505050505
"CHEMBL2363731",0.583916083916084,0.689090909090909,0.578947368421053
"CHEMBL1614479",0.683673469387755,0.746031746031746,0.37037037037037
"CHEMBL3214782",0.453619909502262,0.467741935483871,0.462962962962963
"CHEMBL1614273",0.472222222222222,0.587586206896552,0.42483660130719
"CHEMBL1794400",0.703703703703704,0.642,0.723214285714286
"CHEMBL2363728",0.453781512605042,0.612938596491228,0.5375
"CHEMBL2363568",0.6375,0.526315789473684,0.522727272727273
"CHEMBL2363353",0.665158371040724,0.643055555555555,0.773279352226721
"CHEMBL2363230",0.482954545454545,0.569230769230769,0.661375661375661
"CHEMBL1670561",0.705882352941177,0.703846153846154,0.839901477832512
"CHEMBL1614518",0.385185185185185,0.654589371980676,0.377777777777778
"CHEMBL2363739",0.323886639676113,0.56140350877193,0.580808080808081
"CHEMBL2363558",0.583333333333333,0.583806818181818,0.704761904761905
"CHEMBL2363322",0.690909090909091,0.604938271604938,0.669421487603306
"CHEMBL2363753",0.753968253968254,0.614035087719298,0.513392857142857
"CHEMBL2363348",0.645454545454546,0.5625,0.465587044534413
"CHEMBL1614321",0.601449275362319,0.463054187192118,0.58
"CHEMBL2363337",0.533333333333333,0.666666666666667,0.47
"CHEMBL2363228",0.697802197802198,0.694871794871795,0.782967032967033
"CHEMBL2363504",0.65587044534413,0.6275,0.522058823529412
"CHEMBL2363664",0.467532467532468,0.814102564102564,0.625
"CHEMBL2363269",0.461818181818182,0.622994652406417,0.408482142857143
"CHEMBL1613893",0.886479591836735,0.91304347826087,0.555555555555556
"CHEMBL1614345",0.465384615384615,0.605902777777778,0.65
"CHEMBL2363442",0.690058479532164,0.736842105263158,0.565656565656566
"CHEMBL2363317",0.595141700404858,0.669642857142857,0.629464285714286
"CHEMBL2363432",0.4625,0.585284280936455,0.668627450980392
"CHEMBL1614376",0.5625,0.427272727272727,0.387096774193548
"CHEMBL2363403",0.413533834586466,0.55026455026455,0.584615384615385
"CHEMBL1614355",0.196969696969697,0.447368421052632,0.611111111111111
"CHEMBL2363593",0.419191919191919,0.689814814814815,0.625668449197861
"CHEMBL2363414",0.727272727272727,0.548529411764706,0.536458333333333
"CHEMBL1614226",0.653225806451613,0.768398268398268,0.740384615384615
"CHEMBL2363444",0.55026455026455,0.448412698412698,0.660714285714286
"CHEMBL1738246",0.875,0.683636363636364,0.704980842911877
"CHEMBL2363697",0.609090909090909,0.81025641025641,0.538011695906433
"CHEMBL2363725",0.529411764705882,0.5921875,0.618518518518518
"CHEMBL2363572",0.746753246753247,0.676190476190476,0.495726495726496
"CHEMBL2363189",0.611842105263158,0.619047619047619,0.5625
"CHEMBL2363799",0.611336032388664,0.674242424242424,0.666666666666667
"CHEMBL2363628",0.293103448275862,0.666666666666667,0.346153846153846
"CHEMBL2363489",0.547058823529412,0.592948717948718,0.566666666666667
"CHEMBL2363426",0.395238095238095,0.55,0.637362637362637
"CHEMBL1738575",0.635294117647059,0.769047619047619,0.68983268983269
"CHEMBL2363836",0.640909090909091,0.526315789473684,0.546558704453441
"CHEMBL2363789",0.640866873065016,0.635093167701863,0.644230769230769
"CHEMBL2363553",0.662538699690402,0.597222222222222,0.615384615384615
"CHEMBL2363332",0.5,0.626934984520124,0.6484375
"CHEMBL1614308",0.45,0.615136876006441,0.441176470588235
"CHEMBL2363809",0.523809523809524,0.646153846153846,0.41991341991342
"CHEMBL2363207",0.534979423868313,0.83,0.651851851851852
"CHEMBL2114827",0.0285714285714286,0.550387596899225,0.459302325581395
"CHEMBL1964046",0.63030303030303,0.544642857142857,0.470899470899471
"CHEMBL1614462",0.494983277591973,0.467455621301775,0.428104575163399
"CHEMBL2363671",0.583333333333333,0.6,0.427777777777778
"CHEMBL2363290",0.461538461538462,0.721212121212121,0.513157894736842
"CHEMBL2363459",0.510416666666667,0.619318181818182,0.632716049382716
"CHEMBL2363611",0.596428571428571,0.693452380952381,0.613095238095238
"CHEMBL2363743",0.49609375,0.681547619047619,0.517361111111111
"CHEMBL1613821",0.461538461538462,0.816666666666667,0.521929824561403
"CHEMBL2363341",0.504273504273504,0.601880877742947,0.386363636363636
"CHEMBL1614465",0.662698412698413,0.627840909090909,0.784090909090909
"CHEMBL1614083",0.434782608695652,0.8,0.526785714285714
"CHEMBL2363366",0.682291666666667,0.547348484848485,0.683928571428571
"CHEMBL2363766",0.654761904761905,0.615942028985507,0.699134199134199
"CHEMBL2363464",0.684782608695652,0.627692307692308,0.454545454545455
"CHEMBL1963899",0.653571428571429,0.73900293255132,0.73538961038961
"CHEMBL3214801",0.74025974025974,0.658730158730159,0.655172413793103
"CHEMBL1614512",0.766233766233766,0.681818181818182,0.648717948717949
"CHEMBL648337",0.977777777777778,0.769871794871795,0.9375
"CHEMBL2363213",0.641666666666667,0.692307692307692,0.38
"CHEMBL2363556",0.511538461538461,0.481617647058823,0.444852941176471
"CHEMBL2363142",0.5,0.72027972027972,0.573529411764706
"CHEMBL2363788",0.572549019607843,0.636904761904762,0.521484375
"CHEMBL2363560",0.537593984962406,0.592647058823529,0.416666666666667
"CHEMBL2155446",1,1,1
"CHEMBL2363790",0.484375,0.735,0.575187969924812
"CHEMBL2363481",0.77,0.793706293706294,0.6
"CHEMBL2114715",0.731060606060606,0.631060606060606,0.65843621399177
"CHEMBL2363433",0.565625,0.663690476190476,0.644444444444444
"CHEMBL2363609",0.647058823529412,0.563725490196078,0.475961538461538
"CHEMBL3214965",0.593434343434343,0.525462962962963,0.636724960254372
"CHEMBL1169087",0.849462365591398,0.71875,1
"CHEMBL3214907",0.618729096989967,0.62609649122807,0.558823529411765
"CHEMBL687330",0.8125,0.983333333333333,1
"CHEMBL1614008",0.658064516129032,0.625263157894737,0.554421768707483
"CHEMBL2363324",0.268181818181818,0.545454545454545,0.656521739130435
"CHEMBL2363185",0.448529411764706,0.401960784313725,0.600840336134454
"CHEMBL2363220",0.506060606060606,0.670588235294118,0.466911764705882
"CHEMBL2363555",0.624505928853755,0.562111801242236,0.671936758893281
"CHEMBL2363437",0.5375,0.447278911564626,0.488095238095238
"CHEMBL2363243",0.473684210526316,0.702614379084967,0.588235294117647
"CHEMBL2363612",0.468181818181818,0.538888888888889,0.663101604278075
"CHEMBL2363140",0.753333333333333,0.726190476190476,0.62719298245614
"CHEMBL3215216",0.66530612244898,0.784883720930233,0.773529411764706
"CHEMBL2363239",0.583333333333333,0.727272727272727,0.5859375
"CHEMBL2363434",0.761904761904762,0.638461538461539,0.481481481481482
"CHEMBL2114717",0.456989247311828,0.342261904761905,0.558620689655172
"CHEMBL2363688",0.748768472906404,0.854166666666667,0.504273504273504
"CHEMBL2363152",0.670833333333333,0.608333333333333,0.747058823529412
"CHEMBL1738040",0.67965367965368,0.444155844155844,0.382739212007505
"CHEMBL2363141",0.696428571428571,0.922043010752688,0.541125541125541
"CHEMBL2363803",0.645833333333333,0.763227513227513,0.692592592592593
"CHEMBL2363623",0.668181818181818,0.690828402366864,0.607287449392713
"CHEMBL2363211",0.560897435897436,0.611111111111111,0.666666666666667
"CHEMBL2363594",0.454545454545455,0.686507936507937,0.633986928104575
"CHEMBL2363236",0.731481481481481,0.785185185185185,0.554112554112554
"CHEMBL2363549",0.369318181818182,0.47979797979798,0.508333333333333
"CHEMBL2363387",0.666666666666667,0.728116710875332,0.391304347826087
"CHEMBL2363180",0.609230769230769,0.729779411764706,0.526086956521739
"CHEMBL2363577",0.548245614035088,0.669172932330827,0.614285714285714
"CHEMBL2363252",0.494444444444444,0.429738562091503,0.525210084033613
"CHEMBL2363630",0.385185185185185,0.654385964912281,0.614285714285714
"CHEMBL2363216",0.598615916955017,0.659279778393352,0.515151515151515
"CHEMBL2363535",0.593301435406699,0.670278637770898,0.47265625
"CHEMBL2363368",0.432539682539683,0.741776315789474,0.709876543209877
"CHEMBL2363618",0.566666666666667,0.657894736842105,0.51530612244898
"CHEMBL2363774",0.655172413793103,0.734126984126984,0.560386473429952
"CHEMBL1614503",0.637992831541219,0.641975308641975,0.633838383838384
"CHEMBL2363389",0.669642857142857,0.771014492753623,0.488235294117647
"CHEMBL2363477",0.611111111111111,0.590909090909091,0.47719298245614
"CHEMBL2363834",0.436507936507937,0.757575757575758,0.469298245614035
"CHEMBL1794367",0.855357142857143,0.808823529411765,0.911764705882353
"CHEMBL2363440",0.501587301587302,0.810606060606061,0.54047619047619
"CHEMBL2363363",0.483333333333333,0.526315789473684,0.639583333333333
"CHEMBL2363369",0.719298245614035,0.614583333333333,0.512396694214876
"CHEMBL2363435",0.795454545454545,0.763636363636364,0.583333333333333
"CHEMBL2363223",0.576923076923077,0.625396825396825,0.545454545454545
"CHEMBL2363851",0.592592592592593,0.645833333333333,0.619047619047619
"CHEMBL2363575",0.627450980392157,0.700831024930748,0.571428571428572
"CHEMBL2363443",0.555555555555556,0.669191919191919,0.5
"CHEMBL2363273",0.604166666666667,0.478114478114478,0.483333333333333
"CHEMBL2363655",0.401709401709402,0.545289855072464,0.438502673796791
"CHEMBL2363242",0.611111111111111,0.775,0.5875
"CHEMBL2363367",0.695652173913043,0.650974025974026,0.384297520661157
"CHEMBL2363561",0.698564593301435,0.768181818181818,0.775
"CHEMBL2363771",0.503333333333333,0.610119047619048,0.680555555555556
"CHEMBL2363238",0.287581699346405,0.538888888888889,0.558333333333333
"CHEMBL1613904",0.549689440993789,0.667464114832536,0.619047619047619
"CHEMBL2363507",0.384259259259259,0.715976331360947,0.428571428571429
"CHEMBL2363727",0.640625,0.575187969924812,0.47719298245614
"CHEMBL2363480",0.5625,0.690625,0.483193277310924
"CHEMBL2363187",0.669565217391304,0.630434782608696,0.486607142857143
"CHEMBL2363659",0.623931623931624,0.7125,0.571428571428571
"CHEMBL2363327",0.450980392156863,0.594444444444444,0.63265306122449
"CHEMBL2363154",0.447916666666667,0.426829268292683,0.475806451612903
"CHEMBL2363469",0.413533834586466,0.691520467836257,0.469047619047619
"CHEMBL2363275",0.551515151515152,0.598214285714286,0.404166666666667
"CHEMBL2363248",0.584558823529412,0.721153846153846,0.478571428571429
"CHEMBL2363374",0.511904761904762,0.744791666666667,0.649038461538462
"CHEMBL2363397",0.645454545454546,0.62962962962963,0.581196581196581
"CHEMBL2363811",0.725961538461538,0.910344827586207,0.588888888888889
"CHEMBL2363208",0.645502645502646,0.502083333333333,0.638888888888889
"CHEMBL2363212",0.54320987654321,0.651041666666667,0.625
"CHEMBL2363373",0.471571906354515,0.621527777777778,0.457013574660633
"CHEMBL2363657",0.471590909090909,0.661172161172161,0.712550607287449
"CHEMBL2363160",0.7125,0.530909090909091,0.357894736842105
"CHEMBL2363846",0.488888888888889,0.565217391304348,0.458333333333333
"CHEMBL3215276",0.732638888888889,0.815789473684211,0.776315789473684
"CHEMBL2363740",0.835227272727273,0.875,0.643939393939394
"CHEMBL2363218",0.554179566563467,0.7140625,0.712962962962963
"CHEMBL2363224",0.48015873015873,0.673529411764706,0.701754385964912
"CHEMBL2363529",0.497777777777778,0.612121212121212,0.433333333333333
"CHEMBL2363713",0.666666666666667,0.607371794871795,0.725
"CHEMBL2363820",0.583333333333333,0.671052631578947,0.517094017094017
"CHEMBL2363314",0.659420289855073,0.61231884057971,0.497835497835498
"CHEMBL2363635",0.75,0.630541871921182,0.60082304526749
"CHEMBL2363352",0.575250836120401,0.5275,0.58974358974359
"CHEMBL2363631",0.482638888888889,0.760416666666667,0.58974358974359
"CHEMBL2363221",0.8125,0.643939393939394,0.627777777777778
"CHEMBL2363178",0.746153846153846,0.775,0.494949494949495
"CHEMBL2363546",0.538194444444444,0.6494708994709,0.644957983193277
"CHEMBL2363343",0.75098814229249,0.783216783216783,0.571428571428571
"CHEMBL2363210",0.541666666666667,0.649122807017544,0.56
"CHEMBL2363452",0.526315789473684,0.811036789297659,0.387218045112782
"CHEMBL2363171",0.800925925925926,0.65625,0.454106280193237
"CHEMBL2363445",0.514705882352941,0.746428571428571,0.530769230769231
"CHEMBL2363319",0.444444444444444,0.607940446650124,0.494949494949495
"CHEMBL2363559",0.636752136752137,0.803418803418803,0.454861111111111
"CHEMBL2363796",0.601809954751131,0.5625,0.333333333333333
"CHEMBL2363214",0.426470588235294,0.778947368421053,0.446428571428571
"CHEMBL2363377",0.491071428571429,0.726006191950464,0.558823529411765
"CHEMBL2363370",0.55,0.671474358974359,0.5
"CHEMBL2363454",0.443609022556391,0.6996336996337,0.544444444444445
"CHEMBL1614231",0.670634920634921,0.676666666666667,0.559027777777778
"CHEMBL2363425",0.616541353383459,0.681818181818182,0.553921568627451
"CHEMBL2363831",0.575,0.733333333333333,0.347368421052632
"CHEMBL1614216",0.615615615615616,0.689655172413793,0.552721088435374
"CHEMBL2363644",0.589285714285714,0.578544061302682,0.522727272727273
"CHEMBL2363166",0.616666666666667,0.664335664335664,0.599358974358974
"CHEMBL2363446",0.683823529411765,0.7,0.588235294117647
"CHEMBL2363470",0.726851851851852,0.626530612244898,0.425
"CHEMBL1613814",0.718260869565217,0.894461859979101,0.715384615384615
"CHEMBL2363645",0.688311688311688,0.744505494505495,0.544117647058823
"CHEMBL1738021",0.732142857142857,0.761627906976744,0.846875
"CHEMBL2363516",0.629090909090909,0.711598746081505,0.672727272727273
"CHEMBL1614147",0.75968992248062,0.92,0.933333333333333
"CHEMBL2363492",0.577380952380952,0.710526315789474,0.53968253968254
"CHEMBL2363696",0.384313725490196,0.720238095238095,0.634920634920635
"CHEMBL1614486",0.680803571428571,0.59297520661157,0.7
"CHEMBL2363847",0.671328671328671,0.725806451612903,0.560185185185185
"CHEMBL2363719",0.539285714285714,0.736607142857143,0.51010101010101
"CHEMBL2363634",0.5375,0.771052631578947,0.459259259259259
"CHEMBL2363569",0.617543859649123,0.563711911357341,0.45
"CHEMBL2363294",0.585964912280702,0.6875,0.450892857142857
"CHEMBL2363616",0.411764705882353,0.729946524064171,0.802521008403361
"CHEMBL2363601",0.611764705882353,0.543181818181818,0.441964285714286
"CHEMBL2363514",0.751111111111111,0.814814814814815,0.692307692307692
"CHEMBL2363748",0.383333333333333,0.65843621399177,0.546153846153846
"CHEMBL2363747",0.535714285714286,0.607954545454545,0.659615384615385
"CHEMBL2363457",0.53015873015873,0.583850931677019,0.629464285714286
"CHEMBL1613949",0.72037037037037,0.787545787545788,0.794670846394984
"CHEMBL2363767",0.533834586466165,0.782312925170068,0.516483516483516
"CHEMBL2363793",0.696153846153846,0.723776223776224,0.329411764705882
"CHEMBL2363692",0.416666666666667,0.585882352941177,0.602678571428571
"CHEMBL2363639",0.625,0.632992327365729,0.501838235294118
"CHEMBL2363421",0.387096774193548,0.525641025641026,0.550724637681159
"CHEMBL2363313",0.675,0.782738095238095,0.551948051948052
"CHEMBL2363798",0.522727272727273,0.653571428571429,0.366515837104072
"CHEMBL2363272",0.629166666666667,0.695175438596491,0.514285714285714
"CHEMBL2363447",0.673992673992674,0.741758241758242,0.448051948051948
"CHEMBL2363749",0.558823529411765,0.647058823529412,0.604166666666667
"CHEMBL1738438",0.772727272727273,0.406976744186047,0.465116279069767
"CHEMBL2114847",0.564024390243902,0.751111111111111,0.566176470588235
"CHEMBL2363388",0.486842105263158,0.647272727272727,0.395927601809955
"CHEMBL1614035",0.848484848484848,0.904761904761905,0.852272727272727
"CHEMBL2363830",0.62280701754386,0.571428571428571,0.568181818181818
"CHEMBL2363255",0.447826086956522,0.612244897959184,0.4
"CHEMBL2363562",0.467105263157895,0.628482972136223,0.6625
"CHEMBL2363335",0.575091575091575,0.621527777777778,0.509259259259259
"CHEMBL2363338",0.509090909090909,0.646464646464647,0.480952380952381
"CHEMBL1614395",0.756613756613757,0.566666666666667,0.450549450549451
"CHEMBL2363334",0.461352657004831,0.710526315789474,0.526041666666667
"CHEMBL1614007",0.556756756756757,0.607843137254902,0.624242424242424
"CHEMBL1614049",0.585365853658537,0.651605231866825,0.637931034482759
"CHEMBL1034535",0.95959595959596,1,0.956521739130435
"CHEMBL1613853",0.62109375,0.574534161490683,0.542647058823529
"CHEMBL1614138",0.560185185185185,0.585416666666667,0.558035714285714
"CHEMBL2363814",0.661654135338346,0.727272727272727,0.57
"CHEMBL2363245",0.695454545454545,0.740890688259109,0.532142857142857
"CHEMBL2363349",0.485119047619048,0.721611721611722,0.675925925925926
"CHEMBL2363794",0.636363636363636,0.711538461538462,0.546428571428571
"CHEMBL856174",0.135135135135135,0.452380952380952,0.475
"CHEMBL1964005",0.512820512820513,0.368421052631579,0.741379310344828
"CHEMBL1963983",0.77,0.555555555555556,0.692156862745098
"CHEMBL2363215",0.724489795918367,0.615384615384615,0.556561085972851
"CHEMBL1613890",0.452777777777778,0.533138401559454,0.664961636828645
"CHEMBL1614363",0.341176470588235,0.9,0.835056390977444
"CHEMBL1022010",0.897727272727273,0.951612903225806,0.681818181818182
"CHEMBL1613962",0.727272727272727,0.593920765027322,0.1375
"CHEMBL1614244",0.512152777777778,0.447368421052632,0.529166666666667
"CHEMBL2363764",0.56221198156682,0.702194357366771,0.583333333333333
"CHEMBL1614405",0.885714285714286,0.583333333333333,0.646853146853147
"CHEMBL1613926",0.420289855072464,0.530666666666667,0.508333333333333
"CHEMBL1614492",0.535087719298246,0.576666666666667,0.602222222222222
"CHEMBL2363716",0.584033613445378,0.694444444444444,0.470588235294118
"CHEMBL1243972",0.689873417721519,0.817391304347826,0.84375
"CHEMBL1614053",0.583333333333333,0.60639880952381,0.626041666666667
"CHEMBL829401",0.789473684210526,0.890151515151515,0.648648648648649
"CHEMBL2363167",0.694444444444444,0.704433497536946,0.481781376518219
"CHEMBL2363592",0.41005291005291,0.560924369747899,0.503968253968254
"CHEMBL2363599",0.633540372670807,0.679900744416873,0.609848484848485
"CHEMBL1613942",0.544891640866873,0.647569444444444,0.647058823529412
"CHEMBL1614463",0.607954545454546,0.490421455938697,0.604166666666667
"CHEMBL1614132",0.679220779220779,0.667119565217391,0.614583333333333
"CHEMBL2363633",0.447619047619048,0.802371541501976,0.572115384615385
"CHEMBL1963934",0.443965517241379,0.435897435897436,0.370967741935484
"CHEMBL2363557",0.746666666666667,0.875,0.702205882352941
"CHEMBL1614283",0.82967032967033,0.783284023668639,0.485294117647059
"CHEMBL1614548",0.643518518518519,0.545386904761905,0.965909090909091
"CHEMBL2363458",0.48695652173913,0.574545454545455,0.49802371541502
"CHEMBL2354217",0.615384615384615,0.668055555555556,0.636645962732919
"CHEMBL1738633",0.680851063829787,0.422222222222222,0.546666666666667
"CHEMBL1613950",0.626262626262626,0.524247491638796,0.610416666666667
"CHEMBL2114928",0.407894736842105,0.466666666666667,0.533692722371968
"CHEMBL2363385",0.559210526315789,0.672619047619048,0.69327731092437
"CHEMBL1614066",0.414285714285714,0.515625,0.528888888888889
"CHEMBL1614109",0.706060606060606,0.592702169625247,0.674166666666667
"CHEMBL1737868",0.604651162790698,0.820512820512821,0.779545454545455
"CHEMBL1614477",0.631578947368421,0.6875,0.606666666666667
"CHEMBL1794460",0.458333333333333,0.673076923076923,0.59408315565032
"CHEMBL1614197",0.155405405405405,0.26,0.346153846153846
"CHEMBL2354228",0.774537695590327,0.581481481481481,0.728070175438596
"CHEMBL1737978",0.581481481481481,0.478806907378336,0.548780487804878
"CHEMBL2363383",0.76,0.760536398467433,0.595454545454545
"CHEMBL2363656",0.468531468531469,0.665178571428572,0.532608695652174
"CHEMBL1614225",0.556511056511056,0.649739583333333,0.605263157894737
"CHEMBL1738400",0.865800865800866,0.98546511627907,0.861742424242424
"CHEMBL1738679",0.526315789473684,0.468421052631579,0.556578947368421
"CHEMBL1738043",0.61624649859944,0.821307300509338,0.725806451612903
"CHEMBL1738202",0.869565217391304,0.686363636363636,0.947368421052632
"CHEMBL1614550",0.582142857142857,0.479559748427673,0.451063829787234
"CHEMBL2363390",0.698996655518395,0.641666666666667,0.523148148148148
"CHEMBL1737977",0.633333333333333,0.788888888888889,0.860526315789474
"CHEMBL2114823",0.595555555555556,0.591304347826087,0.498299319727891
"CHEMBL1243978",0.551656920077973,0.729166666666667,0.803030303030303
"CHEMBL2363839",0.577777777777778,0.8075,0.486607142857143
"CHEMBL1243969",0.690625,0.666666666666667,0.7
"CHEMBL3215034",0.576628352490421,0.673400673400673,0.488
"CHEMBL914418",0.986111111111111,0.910204081632653,0.785714285714286
"CHEMBL1738197",0.517241379310345,0.761759581881533,0.666111111111111
"CHEMBL698689",0.83,0.730769230769231,1
"CHEMBL2363707",0.487179487179487,0.723529411764706,0.466666666666667
"CHEMBL2363795",0.478125,0.590643274853801,0.714285714285714
"CHEMBL3215176",0.763636363636364,0.828703703703704,0.657608695652174
"CHEMBL1614329",0.467226890756303,0.622126436781609,0.630050505050505
"CHEMBL1676103",0.954861111111111,0.848324514991182,0.813793103448276
"CHEMBL3214997",0.5859375,0.717924528301887,0.43019943019943
"CHEMBL2363695",0.35672514619883,0.682352941176471,0.733333333333333
"CHEMBL1794393",0.900584795321637,0.703846153846154,0.722617354196302
"CHEMBL1243975",0.550628233555063,0.875,0.875
"CHEMBL830839",1,1,1
"CHEMBL2363315",0.698051948051948,0.675824175824176,0.421052631578947
"CHEMBL1614117",0.598684210526316,0.5546875,0.583333333333333
"CHEMBL1737951",0.79375,0.539598108747045,0.754296875
"CHEMBL1614065",0.641379310344828,0.633333333333333,0.62
"CHEMBL1614393",0.595833333333333,0.6484375,0.680555555555556
"CHEMBL1613907",0.690909090909091,0.346153846153846,0.5
"CHEMBL1964010",0.588235294117647,0.457627118644068,0.414201183431953
"CHEMBL2098499",0.614035087719298,0.836206896551724,0.758163265306122
"CHEMBL1963940",0.958333333333333,0.908088235294118,0.992857142857143
"CHEMBL2363737",0.603333333333333,0.661842105263158,0.481818181818182
"CHEMBL641707",0.614583333333333,1,0.9125
"CHEMBL653167",1,0.897163120567376,0.956140350877193
"CHEMBL2303649",0.66,0.441666666666667,0.927083333333333
"CHEMBL830842",0.789473684210526,0.886363636363636,0.648648648648649
"CHEMBL1963930",0.595238095238095,0.9,0.751461988304094
"CHEMBL3215006",0.717171717171717,0.673333333333333,0.711538461538462
"CHEMBL1614215",0.611607142857143,0.582386363636364,0.495652173913043
"CHEMBL1963813",0.68452380952381,0.862745098039216,0.70906432748538
"CHEMBL2114839",0.5575,0.5456,0.660628019323672
"CHEMBL1738362",0.594017094017094,0.884090909090909,0.70952380952381
"CHEMBL2114742",0.605714285714286,0.551470588235294,0.491990846681922
"CHEMBL1613897",0.806288032454361,0.745294599018003,0.724696356275304
"CHEMBL1614092",0.640601503759398,0.605,0.676666666666667
"CHEMBL2354305",0.716,0.497272727272727,0.75
"CHEMBL1738319",0.646153846153846,0.711246200607903,0.693649373881932
"CHEMBL1034533",0.981707317073171,0.979166666666667,0.975369458128079
"CHEMBL2363573",0.607843137254902,0.77,0.569727891156463
"CHEMBL1243970",0.663793103448276,0.58421052631579,0.801587301587302
"CHEMBL1738080",0.865800865800866,0.904761904761905,0.873161764705882
"CHEMBL3214958",0.561842105263158,0.575892857142857,0.718095238095238
"CHEMBL1613871",0.396551724137931,0.310344827586207,0.704326923076923
"CHEMBL2114863",0.667726550079491,0.629166666666667,0.694327731092437
"CHEMBL1614509",0.842548076923077,0.805555555555556,0.804953560371517
"CHEMBL1613785",0.611357586512866,0.692699490662139,0.518028846153846
"CHEMBL1738430",0.478170478170478,0.599073414112616,0.526806526806527
"CHEMBL1243977",0.530797101449275,0.870588235294118,0.816666666666667
"CHEMBL1738019",0.621301775147929,0.751010101010101,0.508333333333333
"CHEMBL1738091",0.770440251572327,0.874074074074074,0.957142857142857
"CHEMBL1614309",0.42603550295858,0.693704600484261,0.618421052631579
"CHEMBL1963968",0.46583850931677,0.743010752688172,0.546380090497738
"CHEMBL1243968",0.507064364207221,0.881481481481482,0.725
"CHEMBL1963898",0.608974358974359,0.537220843672457,0.574509803921569
"CHEMBL1614319",0.765413533834586,0.575757575757576,0.425694444444444
"CHEMBL1738602",0.469047619047619,0.571717171717172,0.505336617405583
"CHEMBL681296",0.5,0.4375,0.191304347826087
"CHEMBL3214794",0.633431085043988,0.717777777777778,0.678571428571429
"CHEMBL2114844",0.635365853658537,0.57421451787649,0.594491927825261
"CHEMBL1794484",0.528598365807668,0.411330049261084,0.717361111111111
"CHEMBL1614295",0.843137254901961,0.703703703703704,0.41304347826087
"CHEMBL1738422",0.623076923076923,0.74390243902439,0.953703703703704
"CHEMBL1614072",0.647727272727273,0.698823529411765,0.676691729323308
"CHEMBL1737979",0.731481481481481,0.33625730994152,0.519230769230769
"CHEMBL918058",0.728793309438471,0.921641791044776,0.96
"CHEMBL1794497",0.548148148148148,0.483108108108108,0.575555555555556
"CHEMBL2114727",0.727678571428571,0.660401002506266,0.684418145956607
"CHEMBL1614272",0.512820512820513,0.533018867924528,0.47165991902834
"CHEMBL2378059",0.855263157894737,0.958333333333333,0.945945945945946
"CHEMBL1737863",0.705792682926829,0.651828298887122,0.790990990990991
"CHEMBL1794445",0.782352941176471,0.345679012345679,0.728365384615385
"CHEMBL1614131",0.505296610169491,1,0.91025641025641
"CHEMBL1614480",0.910714285714286,0.961538461538462,0.733050847457627
"CHEMBL1243965",0.687843137254902,0.910714285714286,0.911764705882353
"CHEMBL1614097",0.626016260162602,0.633431085043988,0.595862068965517
"CHEMBL1243976",0.696514423076923,0.804511278195489,0.828571428571429
"CHEMBL1963907",0.592147435897436,0.54661487236404,0.713733075435203
"CHEMBL1794570",0.517412935323383,0.527777777777778,0.64041095890411
"CHEMBL1963867",0.481404958677686,0.546653144016227,0.504273504273504
"CHEMBL1614356",0.743589743589744,0.67989417989418,0.647407407407407
"CHEMBL3215158",0.530864197530864,0.625,0.491869918699187
"CHEMBL1794457",0.450666666666667,0.387179487179487,0.855555555555556
"CHEMBL1613813",0.680894308943089,0.710285714285714,0.645806451612903
"CHEMBL2114797",0.716440422322775,0.772079772079772,0.913725490196079
"CHEMBL2354207",0.607099143206854,0.807909604519774,0.642857142857143
"CHEMBL1738097",0.874193548387097,0.571428571428572,0.73963133640553
"CHEMBL1963915",0.818996415770609,0.633333333333333,0.692156862745098
"CHEMBL1613955",0.625,0.532760032760033,0.573926868044515
"CHEMBL1614484",0.458937198067633,0.365384615384615,0.32967032967033
"CHEMBL1963910",0.654513888888889,0.805263157894737,0.936363636363636
"CHEMBL1613861",0.2390625,0.563333333333333,0.501612903225806
"CHEMBL1613967",0.584766584766585,0.684171597633136,0.626893939393939
"CHEMBL3215154",0.544698544698545,0.68010752688172,0.58480749219563
"CHEMBL1794581",0.612942612942613,0.718027734976888,0.739770867430442
"CHEMBL2449559",0.962666666666667,0.972527472527473,0.904761904761905
"CHEMBL1614425",0.45,0.51937984496124,0.46474358974359
"CHEMBL1794438",0.653439153439153,0.873449131513648,0.696798493408663
"CHEMBL2114820",0.495192307692308,0.754166666666667,0.698039215686275
"CHEMBL1613947",0.658119658119658,0.634182908545727,0.695652173913043
"CHEMBL1613876",0.567708333333333,0.702279202279202,0.514285714285714
"CHEMBL1614259",0.696666666666667,0.642857142857143,0.643877551020408
"CHEMBL1963933",0.7,0.346938775510204,0.603174603174603
"CHEMBL3214959",0.533179012345679,0.672987974098057,0.635508524397413
"CHEMBL2114752",0.685714285714286,0.621503496503496,0.754901960784314
"CHEMBL1614516",0.607843137254902,0.92948717948718,0.792452830188679
"CHEMBL2354303",0.44815668202765,0.67037037037037,0.536363636363636
"CHEMBL3214816",0.652586206896552,0.533199195171026,0.717171717171717
"CHEMBL1614287",0.378787878787879,0.756363636363636,0.617559523809524
"CHEMBL1614362",0.85,0.6225,0.574074074074074
"CHEMBL1614388",0.656666666666667,0.670164492342598,0.650887573964497
"CHEMBL1614255",0.551020408163265,0.510190217391304,0.60515873015873
"CHEMBL2354248",0.836065573770492,0.841584158415842,0.903225806451613
"CHEMBL3215078",0.589285714285714,0.70217276099629,0.647619047619048
"CHEMBL3214985",0.713352007469655,0.5859375,0.572327044025157
"CHEMBL1738599",0.823529411764706,0.727668845315904,0.753571428571429
"CHEMBL1963698",0.523769100169779,0.620432692307692,0.606451612903226
"CHEMBL1794452",0.349099099099099,0.384848484848485,0.773333333333333
"CHEMBL1794296",0.869528619528619,0.929738562091503,0.93841642228739
"CHEMBL1737910",0.613095238095238,0.520098948670377,0.580487804878049
"CHEMBL2354227",0.742630385487528,0.60369206598586,0.585390946502058
"CHEMBL2114930",0.320261437908497,0.37,0.354838709677419
"CHEMBL1963974",0.541666666666667,0.569852941176471,0.436666666666667
"CHEMBL1738371",0.74512987012987,0.771111111111111,0.591787439613527
"CHEMBL1794548",0.773529411764706,0.578483245149912,0.891873278236915
"CHEMBL1738418",0.864893617021277,0.869488536155203,0.816290130796671
"CHEMBL1614218",0.486363636363636,0.465853658536585,0.448275862068966
"CHEMBL1963969",0.518787878787879,0.582107843137255,0.556149732620321
"CHEMBL1243967",0.629979035639413,0.8125,0.909090909090909
"CHEMBL1614528",0.561842105263158,0.644444444444444,0.544117647058823
"CHEMBL1613981",0.664580725907384,0.683605565638233,0.639080459770115
"CHEMBL2114814",0.606081081081081,0.540722596448255,0.610079575596817
"CHEMBL1964112",0.594117647058824,0.413888888888889,0.619230769230769
"CHEMBL1963846",0.514619883040936,0.382246376811594,0.429435483870968
"CHEMBL1963744",0.626919758412424,0.651169590643275,0.657306434023991
"CHEMBL2114728",0.771186440677966,0.332452431289641,0.510721247563353
"CHEMBL1613817",0.540928270042194,0.609717868338558,0.619047619047619
"CHEMBL1738325",0.44578313253012,0.29375,0.113207547169811
"CHEMBL1614311",0.584821428571429,0.87746806039489,0.86820987654321
"CHEMBL3215116",0.469370146678171,0.44974358974359,0.649305555555556
"CHEMBL2354276",0.597872340425532,0.645530145530146,0.549538461538462
"CHEMBL1614320",0.597507331378299,0.533145464304885,0.576367389060887
"CHEMBL1794566",0.580729166666667,0.604477611940298,0.578638497652582
"CHEMBL1794508",0.567307692307692,0.483823529411765,1
"CHEMBL1964111",0.440029985007496,0.6775,0.712789115646258
"CHEMBL1738497",0.884848484848485,0.855060728744939,0.721323011963406
"CHEMBL1614515",0.665206508135169,0.705263157894737,0.309895833333333
"CHEMBL1794356",0.761316872427984,0.660331384015595,0.643320964749536
"CHEMBL3214930",0.583413693346191,0.584150326797386,0.578616352201258
"CHEMBL1738025",0.774712643678161,0.548022598870056,0.643374741200828
"CHEMBL2114771",0.397230320699708,0.417215634606939,0.481142857142857
"CHEMBL1827362",1,0.923931623931624,0.982142857142857
"CHEMBL1794578",0.720930232558139,0.709929078014184,0.79855436832181
"CHEMBL1794358",0.957746478873239,0.328571428571429,0.245098039215686
"CHEMBL3214812",0.721637426900585,0.629230769230769,0.569295101553166
"CHEMBL1614514",0.569256756756757,0.647252747252747,0.601495726495727
"CHEMBL1613898",0.631868131868132,0.738390092879257,0.709534368070953
"CHEMBL2114857",0.679425837320574,0.472748616468221,0.686676798378926
"CHEMBL1738164",0.414473684210526,0.414285714285714,0.43289224952741
"CHEMBL3215228",0.712328767123288,0.526582278481013,0.519607843137255
"CHEMBL2114811",0.515384615384615,0.651282051282051,0.888888888888889
"CHEMBL1737942",0.690922730682671,0.670723461798512,0.708765432098765
"CHEMBL3215220",0.459090909090909,0.573275862068966,0.537931034482759
"CHEMBL2114899",0.568298969072165,0.485981308411215,0.603665521191294
"CHEMBL2354206",0.812785388127854,0.770833333333333,0.410628019323671
"CHEMBL1794355",0.3275,0.576415094339623,0.398954703832753
"CHEMBL3215092",0.676315789473684,0.798880275624462,0.680519480519481
"CHEMBL2114830",0.557352941176471,0.540849673202614,0.679090909090909
"CHEMBL1613864",0.592592592592593,0.589285714285714,0.792105263157895
"CHEMBL2114764",0.545787545787546,0.643157894736842,0.665903890160183
"CHEMBL3214851",0.485042735042735,0.384126984126984,0.47187141216992
"CHEMBL1614290",0.379227053140097,0.265432098765432,0.253012048192771
"CHEMBL1964106",0.614285714285714,0.712943989071038,0.585507620769827
"CHEMBL1794522",0.591383219954648,0.669270833333333,0.847840103159252
"CHEMBL1614344",0.818965517241379,0.856060606060606,0.825814536340852
"CHEMBL1243966",0.773214285714286,0.828869047619048,0.922077922077922
"CHEMBL1614105",0.658602150537634,0.686342592592593,0.607311320754717
"CHEMBL1794573",0.897435897435897,0.710359408033827,0.905555555555556
"CHEMBL1614167",0.4296875,0.496870109546166,0.455645161290323
"CHEMBL1738632",0.690831556503198,0.719367588932806,0.583116883116883
"CHEMBL1738079",0.509803921568627,0.378571428571429,0.805882352941176
"CHEMBL2354292",0.584490740740741,0.582065217391304,0.628289473684211
"CHEMBL1794567",0.498285714285714,0.488875878220141,0.560024752475248
"CHEMBL2114874",0.533011272141707,0.517965587044534,0.590608465608466
"CHEMBL2114829",0.659371492704826,0.606717226435536,0.64875
"CHEMBL1964115",0.744389709906951,0.643727705112961,0.680281690140845
"CHEMBL1614403",0.593406593406593,0.760416666666667,0.815742397137746
"CHEMBL1963777",0.706611570247934,0.786986301369863,0.669583931133429
"CHEMBL1614310",0.659722222222222,0.696078431372549,0.65
"CHEMBL1033994",0.632352941176471,0.722838137472284,0.712673611111111
"CHEMBL3215187",0.62568306010929,0.50650406504065,0.576485788113695
"CHEMBL1738482",0.808823529411765,0.619450317124736,0.540540540540541
"CHEMBL1738512",0.551155115511551,0.638532110091743,0.960526315789474
"CHEMBL1738253",0.36331569664903,0.475531914893617,0.418932038834951
"CHEMBL1963806",0.7610513739546,0.810652709359606,0.72668240850059
"CHEMBL1613787",0.478030303030303,0.580079230333899,0.558333333333333
"CHEMBL1794320",0.985074626865672,0.898809523809524,0.873983739837398
"CHEMBL1964023",0.556891766882516,0.430724637681159,0.567914438502674
"CHEMBL1794571",0.511428571428571,0.677083333333333,0.628375878653348
"CHEMBL1738670",0.687830687830688,0.424031476997579,0.448039215686274
"CHEMBL1963838",0.513888888888889,0.478525641025641,0.375
"CHEMBL1614034",0.01,0.371212121212121,0.427536231884058
"CHEMBL1794365",0.625850340136054,0.457798165137615,0.697916666666667
"CHEMBL1614001",0.457142857142857,0.474409448818898,0.882882882882883
"CHEMBL1738579",0.590863952333664,0.568333333333333,0.554088050314465
"CHEMBL1738407",0.710239651416122,0.682522903453136,0.59257797078563
"CHEMBL2354256",0.346720214190094,0.637777777777778,0.537100456621004
"CHEMBL1613941",0.645161290322581,0.550617283950617,0.714640198511166
"CHEMBL2354274",0.8,0.666666666666667,0.832848837209302
"CHEMBL1963776",0.685393258426966,0.807598039215686,0.743589743589744
"CHEMBL1963778",0.547568710359408,0.641522988505747,0.599485695917711
"CHEMBL1738642",0.532312925170068,0.47926267281106,0.657777777777778
"CHEMBL1614434",0.595479082321188,0.653418803418803,0.663501107945552
"CHEMBL1613762",0.653846153846154,0.397435897435897,0.682065217391304
"CHEMBL2114761",0.75,0.75062656641604,0.630630630630631
"CHEMBL1613991",0.784313725490196,0.77115987460815,0.757462686567164
"CHEMBL1614328",0.808823529411765,0.724836333878887,0.725371120107962
"CHEMBL1964117",0.681210415200563,0.687523139577934,0.729388140798488
"CHEMBL1614104",0.634110787172012,0.607269503546099,0.462195121951219
"CHEMBL1964103",0.671612903225806,0.733213820078227,0.717835079237174
"CHEMBL2114791",0.469135802469136,0.695054945054945,0.398648648648649
"CHEMBL3215171",0.813253012048193,0.829545454545455,0.527777777777778
"CHEMBL1613874",0.689655172413793,0.751930940481599,0.732539682539682
"CHEMBL2114719",0.584896810506567,0.579217325227964,0.560204081632653
"CHEMBL1738485",0.630098452883263,0.656645569620253,0.704191033138402
"CHEMBL1614288",0.71959595959596,0.753536067892504,0.674031986531986
"CHEMBL2114748",0.641481481481482,0.429178885630498,0.569444444444444
"CHEMBL1738610",0.7,0.672695951765719,0.733866666666667
"CHEMBL3215128",0.7125,0.73943661971831,0.584978070175439
"CHEMBL1738611",0.516393442622951,0.570480928689884,0.478260869565217
"CHEMBL1614247",0.505833333333333,0.608016983016983,0.591515151515152
"CHEMBL1614314",0.586111111111111,0.604761904761905,0.719858156028369
"CHEMBL3215185",0.632900432900433,0.613154960981048,0.503217503217503
"CHEMBL1963799",0.807416267942584,0.819915254237288,0.846153846153846
"CHEMBL1794475",0.808608058608059,0.729414682539683,0.796747967479675
"CHEMBL1614549",0.689411764705882,0.645423228346457,0.578494623655914
"CHEMBL1738171",0.688235294117647,0.832137733142037,0.516564729867482
"CHEMBL1794387",0.601960784313725,0.636836343732895,0.833333333333333
"CHEMBL1794516",0.797520661157025,0.760047281323877,0.71125
"CHEMBL1614091",0.331967213114754,0.471910112359551,0.931818181818182
"CHEMBL1963937",0.847619047619048,0.863440860215054,0.904017857142857
"CHEMBL1614385",0.468603561387066,0.430555555555556,0.683006535947712
"CHEMBL1963692",0.698941798941799,0.817857142857143,0.664637239979706
"CHEMBL1614086",0.173913043478261,0.818181818181818,0.303571428571429
"CHEMBL1963831",0.675324675324675,0.656376518218623,0.60625
"CHEMBL1614016",0.591525423728814,0.494565217391304,0.465563506261181
"CHEMBL1963758",0.567383512544803,0.523732470334412,0.741666666666667
"CHEMBL2114737",0.681506849315069,0.611927398444252,0.762365591397849
"CHEMBL1963803",0.67701048951049,0.649865591397849,0.840625
"CHEMBL2354269",0.703030303030303,0.622426470588235,0.580818965517241
"CHEMBL3215112",0.726797385620915,0.924444444444444,0.733333333333333
"CHEMBL3215096",0.540084388185654,0.593027810419115,0.678014905149051
"CHEMBL1963687",0.614819004524887,0.674492174492174,0.675423485501005
"CHEMBL1614423",0.798743335872049,0.770185909309186,0.72657867494824
"CHEMBL1963689",0.6,0.786764705882353,0.583636363636364
"CHEMBL1794410",0.717432950191571,0.714285714285714,0.805729166666667
"CHEMBL1613928",0.490925589836661,0.682323232323232,0.529246794871795
"CHEMBL2114850",0.673868312757202,0.798387096774194,0.69047619047619
"CHEMBL1963721",0.6281179138322,0.692434210526316,0.73
"CHEMBL1964000",0.742934782608696,0.589732274198294,0.668430957421783
"CHEMBL1614202",0.484285714285714,0.560329861111111,0.599773242630385
"CHEMBL2028073",0.725274725274725,0.702147525676937,0.746296296296296
"CHEMBL2114825",0.488835725677831,0.616477272727273,0.511904761904762
"CHEMBL3215013",0.647869674185464,0.637218045112782,0.764260249554367
"CHEMBL1794413",0.723843058350101,0.531279178338002,0.801894918173988
"CHEMBL2114858",0.604880136986301,0.659611992945326,0.561503811503812
"CHEMBL1738402",0.73010101010101,0.815140845070423,0.812993854258121
"CHEMBL2114852",0.543362831858407,0.51875,0.426136363636364
"CHEMBL2114753",0.649122807017544,0.581168831168831,0.534510433386838
"CHEMBL1246088",0.507916666666667,0.75,0.629774305555556
"CHEMBL1613884",0.528409090909091,0.657174947145877,0.585834333733493
"CHEMBL1614084",0.582175925925926,0.636492220650636,0.655906593406593
"CHEMBL1963717",0.752835188129306,0.773052631578947,0.737285262206148
"CHEMBL1613807",0.506930693069307,0.826984126984127,0.6875
"CHEMBL1964096",0.6675,0.713297083539298,0.727982954545454
"CHEMBL1964108",0.601851851851852,0.641025641025641,0.604938271604938
"CHEMBL1963893",0.607071112896746,0.72804163955758,0.723214285714286
"CHEMBL1613867",0.548076923076923,0.572,0.463636363636364
"CHEMBL2114842",0.880952380952381,0.824332171893148,0.830485304169515
"CHEMBL1614069",0.422222222222222,0.515261627906977,0.463888888888889
"CHEMBL3215277",0.871605766007375,0.849206349206349,0.916545893719807
"CHEMBL2028074",0.848484848484849,0.601212121212121,0.867647058823529
"CHEMBL1614301",0.503623188405797,0.52234993614304,0.516203703703704
"CHEMBL2354289",0.528335724533716,0.494566792234135,0.547065337763012
"CHEMBL3215288",0.521813579511614,0.547384219554031,0.640625
"CHEMBL1794494",0.541666666666667,0.414453125,0.380208333333333
"CHEMBL2114909",0.539440203562341,0.974246231155779,0.692
"CHEMBL1963805",0.673160173160173,0.60671048080249,0.479100529100529
"CHEMBL1794327",0.385342789598109,0.523347701149425,0.610743801652893
"CHEMBL1738408",0.51056338028169,0.312925170068027,0.4375
"CHEMBL1963947",0.913953488372093,0.708333333333333,0.694994786235662
"CHEMBL1963797",0.665978316985028,0.650452488687783,0.713570487483531
"CHEMBL1963770",0.687825520833333,0.74331550802139,0.769631031220435
"CHEMBL1963811",0.497267759562842,0.615423387096774,0.660942760942761
"CHEMBL2114725",0.483916083916084,0.521010101010101,0.507296466973886
"CHEMBL3214830",0.592095977417078,0.705808080808081,0.693888888888889
"CHEMBL1614359",0.510466988727858,0.628604078762307,0.581910751722072
"CHEMBL2114882",0.849303849303849,0.835010060362173,0.744252873563218
"CHEMBL3215025",0.670449172576832,0.541666666666667,0.706875
"CHEMBL1614128",0.600676001931434,0.499115044247788,0.476116303219107
"CHEMBL3214992",0.708643336088913,0.67456043956044,0.662214885954382
"CHEMBL1614185",0.689272030651341,0.612359550561798,0.626526082130966
"CHEMBL2028075",0.833333333333333,0.703667953667954,0.897435897435897
"CHEMBL1963789",0.70506454816286,0.5666015625,0.718604651162791
"CHEMBL1217000",0.826143790849673,0.846774193548387,0.897186147186147
"CHEMBL1963971",0.49910394265233,0.418881118881119,0.567142857142857
"CHEMBL1738673",0.488520408163265,0.637941919191919,0.518273305084746
"CHEMBL1614336",0.636065573770492,0.711745244003309,0.693612210288298
"CHEMBL2114872",0.619361936193619,0.550993377483444,0.606153846153846
"CHEMBL1614276",0.586755952380952,0.645600267156454,0.6125
"CHEMBL2028077",0.71474358974359,0.83125,0.457264957264957
"CHEMBL1963752",0.835054927037219,0.620448179271709,0.79489522417154
"CHEMBL1614098",0.605072463768116,0.216517857142857,0.640287769784173
"CHEMBL1963686",0.694903160040775,0.606619006532725,0.617883597883598
"CHEMBL1963716",0.788839285714286,0.557046979865772,0.591901728844404
"CHEMBL1794396",0.196749358426005,0.50414201183432,0.458473154362416
"CHEMBL2028076",0.8859375,0.788961038961039,0.806324110671937
"CHEMBL1963702",0.645659928656362,0.800832755031228,0.839208410636982
"CHEMBL1963916",0.526322115384615,0.604049295774648,0.585187170553024
"CHEMBL1614304",0.680964395850855,0.770058139534884,0.607675906183369
"CHEMBL3215157",0.743386243386243,0.560751748251748,0.614331210191083
"CHEMBL1614466",0.615853658536585,0.502099236641221,0.582818641212802
"CHEMBL1794336",0.651856360316494,0.552727272727273,0.60245995423341
"CHEMBL2114865",0.728682170542636,0.56265664160401,0.477272727272727
"CHEMBL1737961",0.777629233511586,0.44921875,0.848997493734336
"CHEMBL1963695",0.756565656565656,0.812329514457174,0.763063233623627
"CHEMBL1246087",0.593394609752298,0.642857142857143,0.693033854166667
"CHEMBL1794467",0.821314102564103,0.795865633074935,0.814102564102564
"CHEMBL1614547",0.629732225300092,0.671929824561403,0.670285871357889
"CHEMBL1963764",0.56712962962963,0.695461119145622,0.77304837164751
"CHEMBL1794499",0.727439471753485,0.728014842300556,0.740298239310097
"CHEMBL2095143",0.562162162162162,0.628260869565217,0.531746031746032
"CHEMBL2114816",0.533793604651163,0.554583333333333,0.542244835029294
"CHEMBL1863510",0.936842105263158,0.999391727493917,0.996960486322188
"CHEMBL1614199",0.601656314699793,0.601279317697228,0.527838827838828
"CHEMBL1963825",0.581823671497585,0.719519286683466,0.647439789516292
"CHEMBL3215227",0.572192513368984,0.595698924731183,0.520899470899471
"CHEMBL1738510",0.731903017617303,0.677304964539007,0.764187327823691
"CHEMBL1963711",0.665648854961832,0.659130434782609,0.557251908396947
"CHEMBL3214906",0.634629493763756,0.575638888888889,0.627721433400947
"CHEMBL1613997",0.595333333333333,0.441929133858268,0.64291217257319
"CHEMBL1963743",0.582582582582583,0.55015959872321,0.667
"CHEMBL1119333",0.992647058823529,0.873306233062331,0.936953352769679
"CHEMBL1963815",0.691414917221369,0.636250929828911,0.770542635658915
"CHEMBL1964118",0.722587719298246,0.782186459489456,0.77304625199362
"CHEMBL1738183",0.738562091503268,0.645314547837484,0.595959595959596
"CHEMBL1963824",0.8125,0.742110762800418,0.607976973684211
"CHEMBL2114821",0.662278481012658,0.597714059196617,0.635479543930248
"CHEMBL1738593",0.781717888100867,0.792135663507109,0.751370936153545
"CHEMBL1964114",0.844176706827309,0.764395272818708,0.832837723024639
"CHEMBL1613929",0.494264175680105,0.485714285714286,0.642472152353575
"CHEMBL1963786",0.592490842490842,0.665283923303835,0.69693313222725
"CHEMBL1963751",0.626068376068376,0.67425431711146,0.676885916016351
"CHEMBL1963753",0.818732193732194,0.900709219858156,0.785671282360024
"CHEMBL1963766",0.676689189189189,0.724087826929286,0.62011316872428
"CHEMBL1738242",0.577317554240631,0.581171875,0.701388888888889
"CHEMBL1963798",0.764705882352941,0.59400826446281,0.801282051282051
"CHEMBL1794528",0.801806407634628,0.772188346883469,0.763567684242985
"CHEMBL1738391",0.587954545454545,0.717022940563087,0.610943775100402
"CHEMBL1963804",0.676900584795322,0.771938217605249,0.770049330514447
"CHEMBL1963760",0.772518080210388,0.726550079491256,0.830827067669173
"CHEMBL1963734",0.758175559380379,0.55462356792144,0.7375
"CHEMBL1963773",0.587362637362637,0.644217107132708,0.678260869565217
"CHEMBL1963820",0.443243243243243,0.65518648018648,0.794763146458062
"CHEMBL1963738",0.654019873532069,0.70352380952381,0.723671497584541
"CHEMBL1614433",0.64327485380117,0.649216524216524,0.69280303030303
"CHEMBL1964081",0.736712749615976,0.72898181011535,0.693100944081336
"CHEMBL1963787",0.657620735489588,0.763784461152882,0.691415830546265
"CHEMBL1794531",0.522458628841608,0.444756554307116,0.51994301994302
"CHEMBL1614030",0.637784090909091,0.632525853520329,0.725700339558574
"CHEMBL1963821",0.600840336134454,0.641585942779905,0.735260770975057
"CHEMBL1738513",0.618149146451033,0.577134986225895,0.560387065164135
"CHEMBL1738131",0.834076015727392,0.675266472868217,0.633785140562249
"CHEMBL1614504",0.532239819004525,0.645256916996047,0.609529702970297
"CHEMBL3214993",0.568952429149798,0.64833089668616,0.686746987951807
"CHEMBL1963747",0.759836782279219,0.720415360501567,0.787734270414993
"CHEMBL1794350",0.558497536945813,0.686918604651163,0.409547738693467
"CHEMBL1963712",0.703856749311295,0.685487333619579,0.720807969009408
"CHEMBL1909089",0.840172122329799,0.839878671775223,0.885799109351806
"CHEMBL1963705",0.693959948320413,0.68979909451047,0.713183669931525
"CHEMBL1738249",0.4393215480172,0.491180654338549,0.499310344827586
"CHEMBL1963796",0.612452492734183,0.640640578265204,0.709825652115151
"CHEMBL1614170",0.510582010582011,0.595990635059994,0.615356151711378
"CHEMBL1794383",0.816461684011353,0.669983416252073,0.679300291545189
"CHEMBL1963731",0.85749668288368,0.7959229390681,0.803566529492455
"CHEMBL1963819",0.698757309941521,0.812726386179994,0.808727134146341
"CHEMBL1863512",0.931034482758621,0.826041666666667,0.843253968253968
"CHEMBL3214970",0.919087700244366,0.895994832041344,0.886591478696742
"CHEMBL3214971",0.806201550387597,0.783656117146906,0.7802368086459
"CHEMBL1738414",0.335523772709702,0.661979752530934,0.592441860465116
"CHEMBL1963802",0.601638995317156,0.671116786626422,0.683216783216783
"CHEMBL1964100",0.616806722689076,0.521388888888889,0.619456762749446
"CHEMBL1963780",0.649101796407186,0.773221343873518,0.606470588235294
"CHEMBL1963795",0.637596899224806,0.706140350877193,0.630295868347339
"CHEMBL1737865",0.60705240600039,0.514455343314404,0.576480435237497
"CHEMBL1963696",0.653180153180153,0.71875,0.697849807445443
"CHEMBL1963822",0.687912087912088,0.420516304347826,0.737414187643021
"CHEMBL1963801",0.728385698808234,0.743293246993525,0.746294681778553
"CHEMBL1963818",0.741041666666667,0.743287558926009,0.755732208522604
"CHEMBL1964116",0.585702127659574,0.549693047950888,0.656597321174124
"CHEMBL1963754",0.646728695909024,0.762500912475363,0.746173469387755
"CHEMBL1738424",0.927670869276709,0.921326135997422,0.877242822966507
"CHEMBL3215192",0.73683138053999,0.660757453666398,0.669289542707264
"CHEMBL1963720",0.608805668016194,0.598424857978998,0.674773053033923
"CHEMBL1963728",0.664166666666667,0.713358070500928,0.800314465408805
"CHEMBL1614171",0.728956228956229,0.609434764130897,0.718343195266272
"CHEMBL1963765",0.750941366325982,0.777296157450797,0.762096774193548
"CHEMBL1963710",0.659666187686526,0.744481646825397,0.766076798519547
"CHEMBL1963834",0.664818181818182,0.726885644768857,0.678537912912913
"CHEMBL1963697",0.680123641813413,0.633132010353753,0.634243038908353
"CHEMBL3214929",0.657154471544716,0.7118125,0.715608919382504
"CHEMBL1963791",0.817267552182163,0.743649680536076,0.799805825242718
"CHEMBL1963729",0.670735090152566,0.552832357859532,0.630982724440668
"CHEMBL1963733",0.691676575505351,0.744009473390917,0.684814814814815
"CHEMBL1737860",0.626696832579186,0.531198347107438,0.57171226831421
"CHEMBL1963763",0.661304161304161,0.636072261072261,0.739150326797386
"CHEMBL1963688",0.711145833333333,0.62900641025641,0.672264808362369
"CHEMBL1964022",0.51707957957958,0.556246677299309,0.449311490978158
"CHEMBL2114926",0.652125426397271,0.668475684899043,0.629438807863031
"CHEMBL1963793",0.627622880137971,0.779532330505454,0.718900227713587
"CHEMBL1963708",0.618175874468781,0.748853848291192,0.689504373177843
"CHEMBL1738494",0.557004830917874,0.543262411347518,0.438095238095238
"CHEMBL1963737",0.7825929938606,0.656921895568232,0.749645725082664
"CHEMBL1963833",0.73224043715847,0.753329684364167,0.815263605442177
"CHEMBL1963745",0.831983024691358,0.741424116424116,0.85417478249578
"CHEMBL1963724",0.722550758919771,0.581470893970894,0.718254892823858
"CHEMBL1738639",0.576146788990826,0.461844265837006,0.55999180999181
"CHEMBL3214944",0.650029708853238,0.709137803979366,0.666072383669103
"CHEMBL1963938",0.568703427719821,0.577165570175438,0.497072599531616
"CHEMBL1963828",0.711639058413252,0.730710466004584,0.789230199851962
"CHEMBL1963808",0.661530597341901,0.714635603345281,0.811334087054833
"CHEMBL1909172",0.83548030916452,0.955834870848709,0.957188160676533
"CHEMBL1738369",0.675704077343422,0.636155606407323,0.653020814146252
"CHEMBL1963812",0.74485738980121,0.588228749443703,0.665724120973691
"CHEMBL1909182",0.926065162907268,0.746666666666667,0.723947750362845
"CHEMBL1963794",0.829354838709677,0.799088797570127,0.704372427983539
"CHEMBL1963836",0.652115211521152,0.665360501567398,0.667380952380952
"CHEMBL1964105",0.57593094449463,0.693743858499836,0.712267287234043
"CHEMBL1963809",0.548007246376812,0.692980243799916,0.714072214251554
"CHEMBL1738495",0.483253588516746,0.589147286821705,0.426666666666667
"CHEMBL1963800",0.55027195027195,0.629099638358898,0.748867421718854
"CHEMBL1963748",0.716697790227202,0.687047399605003,0.764824001889913
"CHEMBL1794303",0.581094527363184,0.675368139223561,0.67948717948718
"CHEMBL3215210",0.819713656387665,0.787718719049191,0.763238916256158
"CHEMBL1737912",0.640677397719651,0.519047619047619,0.702445345954474
"CHEMBL1737967",0.648140321217244,0.583732057416268,0.688190476190476
"CHEMBL3214902",0.770398481973435,0.772813288477712,0.779259554140127
"CHEMBL1614469",0.71559951414194,0.697150735294118,0.780519480519481
"CHEMBL1909087",0.859943977591036,0.886323615730777,0.913300304878049
"CHEMBL1909088",0.836694677871148,0.856551724137931,0.914990421455939
"CHEMBL1909140",0.855769230769231,0.895343137254902,0.945695136621413
"CHEMBL1963761",0.659247482776894,0.643073811931244,0.64462962962963
"CHEMBL1909093",0.727443609022556,0.741718426501035,0.587037037037037
"CHEMBL1963735",0.73500885552838,0.674051089623322,0.779090909090909
"CHEMBL1909104",0.837229763700352,0.91240157480315,0.91011354079058
"CHEMBL1909114",0.913770913770914,0.764100862641009,0.881787802840434
"CHEMBL1963759",0.797541920731707,0.620507637017071,0.807283274250725
"CHEMBL1963694",0.688583078491335,0.645999162128194,0.790139064475348
"CHEMBL1963756",0.601294903926483,0.692627494456763,0.716652742968532
"CHEMBL1909215",0.77315233785822,0.955128205128205,0.88359375
"CHEMBL1909213",0.694339622641509,0.302083333333333,0.790441176470588
"CHEMBL1963783",0.618591140159768,0.696325014660846,0.566132738577994
"CHEMBL1963827",0.718089430894309,0.731134360166618,0.7056598062954
"CHEMBL1909170",0.856292517006803,0.922075103103972,0.934951784807985
"CHEMBL1963707",0.701684767474241,0.749531718281718,0.725670913526701
"CHEMBL1909192",0.322222222222222,0.152631578947368,0.100358422939068
"CHEMBL1909206",0.766037735849057,0.566312056737589,0.985454545454545
"CHEMBL1909095",0.84280303030303,0.847544642857143,0.972924187725632
"CHEMBL1909097",0.921641791044776,0.00174825174825177,0.85948905109489
"CHEMBL1963706",0.744734299516908,0.692759421786267,0.707387008857597
"CHEMBL1614522",0.498908892525914,0.509476177941564,0.605208076828367
"CHEMBL1909115",0.899857954545454,0.987096774193548,0.925154497596704
"CHEMBL1738502",0.602484472049689,0.629038281979458,0.54537802265075
"CHEMBL1909139",0.835595776772247,0.942951100943666,0.925691699604743
"CHEMBL1909204",0.721340388007055,0.589052287581699,0.712452830188679
"CHEMBL1963810",0.589445271779598,0.614367114367114,0.596292324191819
"CHEMBL1963767",0.632209405501331,0.730198215272842,0.672576121794872
"CHEMBL1963966",0.804435483870968,0.693135245901639,0.552197802197802
"CHEMBL1963816",0.659,0.632239705390023,0.771712158808933
"CHEMBL1909103",0.962686567164179,0.864750633981403,0.946161048689139
"CHEMBL1738552",0.760989010989011,0.811967779056387,0.756372549019608
"CHEMBL1963714",0.693738140417457,0.6968169984043,0.669545454545455
"CHEMBL1909102",0.943058823529412,0.910687022900763,0.977324263038549
"CHEMBL1963704",0.704081632653061,0.754026923974788,0.711764705882353
"CHEMBL1963785",0.645594653573377,0.730788718121939,0.653464963221061
"CHEMBL1963739",0.642582417582418,0.722751322751323,0.780255255255255
"CHEMBL2114896",0.632506361323155,0.683429435674449,0.66224221149627
"CHEMBL1909143",0.768278161467016,0.737835153922542,0.861577019471756
"CHEMBL1963817",0.732520005247278,0.694395332390382,0.6475910693302
"CHEMBL1963788",0.705435053602593,0.623627450980392,0.664086687306502
"CHEMBL1909124",0.82962962962963,0.986062717770035,0.956678700361011
"CHEMBL1964119",0.771252105558675,0.736384169190493,0.736044657097289
"CHEMBL1963779",0.749556213017751,0.658192296469215,0.766936457541475
"CHEMBL1963768",0.723624226636275,0.699911347517731,0.74938612645795
"CHEMBL1909084",0.194029850746269,0.869718309859155,0.688484848484848
"CHEMBL1909209",0.848104575163399,0.833305988515176,0.889825314128103
"CHEMBL1963749",0.653919956140351,0.587247706422018,0.651928035630567
"CHEMBL1963792",0.656765676567657,0.714079074252652,0.815988605003116
"CHEMBL1963826",0.767762237762238,0.706968223772282,0.751937751607282
"CHEMBL1909165",0.872058823529412,0.591183574879227,0.819548872180451
"CHEMBL1909211",0.885722428042177,0.819102353585112,0.903060084878267
"CHEMBL1909214",0.699619771863118,0.623543123543124,0.704089219330855
"CHEMBL1909184",0.985130111524164,0.720614035087719,0.749090909090909
"CHEMBL2354308",0.638490164805954,0.555446836268754,0.62185534591195
"CHEMBL1909181",0.671641791044776,0.59047619047619,0.666035353535354
"CHEMBL1909141",0.81349593495935,0.899778516057586,0.953379953379953
"CHEMBL1909171",0.900655252589305,0.879825367647059,0.881967515688446
"CHEMBL1909150",0.995331465919701,0.959507042253521,0.943653846153846
"CHEMBL1909131",0.91254752851711,0.826573426573426,0.847985347985348
"CHEMBL1963699",0.666055676480697,0.765608919382504,0.755822363662665
"CHEMBL1909106",0.985130111524164,0.67280701754386,0.917883211678832
"CHEMBL1909105",0.84985119047619,0.857889733840304,0.868642350557244
"CHEMBL1909142",0.944237918215613,0.986062717770035,0.706642066420664
"CHEMBL1963829",0.637126865671642,0.749181222707424,0.746940336562978
"CHEMBL1963781",0.599796679091833,0.524553571428571,0.680652680652681
"CHEMBL1909091",0.852272727272727,0.972103708565803,0.876190476190476
"CHEMBL1909145",0.964693101575231,0.92018779342723,0.939822082679226
"CHEMBL1963691",0.636698717948718,0.645001949824516,0.659333804632595
"CHEMBL1909090",0.797211155378486,0.885678616015695,0.865054869684499
"CHEMBL1909205",0.743181818181818,0.572241992882562,0.819852941176471
"CHEMBL1909121",0.945876837843597,0.913875598086124,0.941384585962899
"CHEMBL1963719",0.650754793961648,0.702679727979275,0.714869508683942
"CHEMBL1963703",0.639052795031056,0.777307963354475,0.687562437562438
"CHEMBL1909148",0.867424242424242,0.333333333333333,0.812454212454212
"CHEMBL1738578",0.542498487598306,0.529820788530466,0.621350762527233
"CHEMBL1963837",0.723212164409599,0.679294389820705,0.748096955128205
"CHEMBL1909138",0.886041439476554,0.902123424021234,0.84156820622986
"CHEMBL1738682",0.532741205154998,0.508019612731655,0.56028756028756
"CHEMBL1963740",0.660007683442182,0.626780626780627,0.710073108230329
"CHEMBL1963722",0.701143168209036,0.803360479684983,0.774162826420891
"CHEMBL1963832",0.795604395604396,0.754281949934124,0.759714076246334
"CHEMBL1963775",0.726042642924086,0.638980263157895,0.705856876332623
"CHEMBL1909092",0.908008658008658,0.903624054161689,0.88929889298893
"CHEMBL1909157",0.956241956241956,0.867028985507246,0.919460767369513
"CHEMBL1909134",0.663973384030418,0.733090909090909,0.765748031496063
"CHEMBL1909111",0.895240945824603,0.845974025974026,0.914748508098892
"CHEMBL1909108",0.890955591722855,0.856549815498155,0.849721115537849
"CHEMBL1909085",0.874751984126984,0.897684712291454,0.929857142857143
"CHEMBL1909086",0.883368421052631,0.947565543071161,0.93045515394913
"CHEMBL1909112",0.905957362024308,0.910825815405968,0.939128087461196
"CHEMBL1909159",0.824304100568692,0.77037037037037,0.893445032333921
"CHEMBL2114931",0.742710120068611,0.790990990990991,0.447653429602888
"CHEMBL1964102",0.708078389642635,0.792606834506276,0.600873015873016
"CHEMBL1614063",0.897727272727273,0.874449339207048,0.880020080321285
"CHEMBL1909135",0.831460674157303,0.865987827715356,0.887586805555556
"CHEMBL1909110",0.909907213409159,0.88436705145764,0.879812695109261
"CHEMBL1909200",0.952559300873908,0.841836734693878,0.847163865546218
"CHEMBL1909190",0.680916030534351,0.98932384341637,0.544905660377359
"CHEMBL1963693",0.60328587075575,0.646714490674318,0.717925925925926
"CHEMBL1963918",0.730901890648952,0.773655991885234,0.663781163434903
"CHEMBL1909094",0.826745014245014,0.918079570253483,0.874196510560147
"CHEMBL1963823",0.755671902268761,0.708267195767196,0.717589893100097
"CHEMBL2114932",0.487762237762238,0.544873386295929,0.513291517323775
"CHEMBL1909156",0.898951048951049,0.964325529542921,0.932843137254902
"CHEMBL1909132",0.709848484848485,0.737986618004866,0.59058524173028
"CHEMBL1909130",0.875640295959021,0.888430649012373,0.875304136253041
"CHEMBL3215029",0.769076041803315,0.79826016876837,0.808667540670997
"CHEMBL2114818",0.589883800410116,0.559426229508197,0.555917874396135
"CHEMBL1909107",0.801498127340824,0.629893238434164,0.894160583941606
"CHEMBL1963771",0.688522130532633,0.698661735549794,0.70251406347663
"CHEMBL1909180",0.805764411027569,0.816489361702128,0.627777777777778
"CHEMBL1963725",0.717945109078114,0.690860215053763,0.697336152219873
"CHEMBL1963741",0.673196551347812,0.703931841782309,0.722049144361562
"CHEMBL1909116",0.946768060836502,0.792870036101083,0.885931558935361
"CHEMBL1909109",0.875265085791402,0.899601665761362,0.874752257212068
"CHEMBL1963807",0.657900834105653,0.702865390030977,0.687098987819523
"CHEMBL1909158",1,0.500871080139373,0.977454545454545
"CHEMBL1963772",0.70316742081448,0.631735509094,0.697049956933678
"CHEMBL1614302",0.838068181818182,0.691095890410959,0.564516129032258
"CHEMBL1909174",0.866030399434429,0.919117647058824,0.956533776301218
"CHEMBL1964002",0.855987266701552,0.851934523809524,0.827975791589881
"CHEMBL1909203",0.715830115830116,0.594927536231884,0.863073110285006
"CHEMBL1909136",0.725099601593625,0.777363184079602,0.751312944084028
"CHEMBL1964107",0.701408994402625,0.71345995045417,0.7177677897913
"CHEMBL1909210",0.750477099236641,0.779359430604982,0.874886877828054
"CHEMBL1794574",0.504093567251462,0.620865139949109,0.425233644859813
"CHEMBL1963757",0.771830177854274,0.636039279869067,0.730354252832224
"CHEMBL1738239",0.508883527089274,0.651872909698997,0.683950131233596
"CHEMBL1963690",0.582553707553708,0.688926940639269,0.703801715788017
"CHEMBL1964101",0.63370201691607,0.599032558139535,0.615570494186046
"CHEMBL1963715",0.645668874172185,0.61437969924812,0.686173264486517
"CHEMBL1909191",0.975914775358962,0.934397163120567,0.910526315789474
"CHEMBL1909201",0.909774436090226,0.831553973902728,0.881011608623549
"CHEMBL1909186",0.858736059479554,0.668989547038328,1
"CHEMBL1963746",0.575538730343623,0.664761860334935,0.719949494949495
"CHEMBL1963913",0.647350480322281,0.530041436464088,0.481431535269709
"CHEMBL1963701",0.608750792644261,0.617441314553991,0.669050072120338
"CHEMBL1963718",0.79831335094493,0.721665019762846,0.749637897248019
"CHEMBL1963726",0.674977538185085,0.688577164120642,0.750190125190125
"CHEMBL1963750",0.717031434062868,0.651092233009709,0.674224021592443
"CHEMBL1737966",0.560442489670798,0.523036816343903,0.53338318085855
"CHEMBL1964015",0.87329221190984,0.84178618443844,0.806138538494998
"CHEMBL1614004",0.741148124869055,0.768885937240578,0.688859315589354
"CHEMBL1909123",0.648148148148148,0.95906432748538,0.746666666666667
"CHEMBL1614041",0.905840922026181,0.889692389414719,0.891838788517755
"CHEMBL1909173",0.808190476190476,0.887110726643599,0.862961841308298
"CHEMBL1614175",0.749728260869565,0.701379466304839,0.762068965517241
"CHEMBL1963830",0.651890432098766,0.662177518427518,0.661937663135268
"CHEMBL1909169",0.655513307984791,0.969858156028369,0.61025641025641
"CHEMBL1963723",0.692807192807193,0.733326058489743,0.770258315640481
"CHEMBL1963972",0.636317016317016,0.634320175438597,0.520136999611349
"CHEMBL1614432",0.54629852905715,0.674978457561396,0.713106295149639
"CHEMBL1964095",0.81296875,0.772131642512077,0.792481879766924
"CHEMBL1614524",0.72719614921781,0.734151941699112,0.637669704296076
"CHEMBL2114812",0.2705,0.401768172888016,0.426595744680851
"CHEMBL1738500",0.73604687018193,0.677183128041362,0.629330843448491
"CHEMBL1964104",0.703274985883682,0.663671342294954,0.616677818668451
"CHEMBL3215245",0.781278077268643,0.810290210504803,0.763740729452403
"CHEMBL2114934",0.713759837522214,0.53658267020336,0.67271662763466
"CHEMBL3214915",0.826367274344153,0.854232183195287,0.7894375
"CHEMBL1963742",0.662798924579029,0.720010504201681,0.751244635193133
"CHEMBL1909212",0.914758269720102,0.670833333333333,0.779850746268657
"CHEMBL2114916",0.897523809523809,0.897170231729055,0.900412087912088
"CHEMBL1614499",0.69420054200542,0.675799240259522,0.650537634408602
"CHEMBL1613870",0.531411677753141,0.512912561919074,0.437392996108949
"CHEMBL1614019",0.872010234731338,0.80096744580185,0.747808441558442
"CHEMBL3215183",0.857031705893795,0.832854406130268,0.857218728162124
"CHEMBL1963782",0.676088617265088,0.663305700447094,0.740903054448871
"CHEMBL1614169",0.745482866043614,0.751567944250871,0.552414605418139
"CHEMBL2114734",0.743867243867244,0.413838120104439,0.67037037037037
"CHEMBL1963814",0.739754098360656,0.776695106974339,0.724420714684534
"CHEMBL1963999",0.5,0.410514329094705,0.355381165919283
"CHEMBL2114716",0.768115942028986,0.818464885954382,0.804630474452555
"CHEMBL1614529",0.630128205128205,0.668426229508197,0.621157495256167
"CHEMBL3215004",0.610211027910143,0.673798045602606,0.527177812858783
"CHEMBL2114714",0.795623056685003,0.751685961560076,0.762542839485364
"CHEMBL1614122",0.659407407407407,0.698875385966403,0.664948608523171
"CHEMBL1794366",0.586764334427886,0.527618388075452,0.622440045273026
"CHEMBL1613944",0.647015245447811,0.633227567886659,0.615708736585687
"CHEMBL1613896",0.597949650037467,0.612538940809969,0.605967307720911
"CHEMBL1794523",0.49571335504886,0.508181975436776,0.498810838358957
"CHEMBL1794349",0.70981022190983,0.658277144850035,0.668218004811935
"CHEMBL1963736",0.667758279782501,0.777214334009466,0.641584429824561
"CHEMBL1963835",0.735015888089412,0.826554345359655,0.750143904217353
"CHEMBL1614217",0.602799953719773,0.541872986875631,0.623263888888889
"CHEMBL1963727",0.715720022948939,0.658866623572506,0.729428341384863
"CHEMBL1613820",0.610678642714571,0.581123946194426,0.651984962406015
"CHEMBL1614195",0.658131755018013,0.642341040462428,0.626609060522011
"CHEMBL1614339",0.691385732021775,0.71815616961248,0.738714541513524
"CHEMBL3214953",0.696348852040816,0.704381793478261,0.694051082057348
"CHEMBL3214811",0.707656714773604,0.713674275680421,0.746194665549504
"CHEMBL1266185",0.477757395092869,0.521621621621622,0.49270378287945
"CHEMBL1613924",0.626219563568961,0.612084201451254,0.544074707118185
"CHEMBL3215079",0.730590795253931,0.752563779262808,0.723967128222447
"CHEMBL1614192",0.893255360623782,0.879736673089274,0.924597020536679
"CHEMBL1614285",0.651960784313726,0.668964491172386,0.617136943022116
"CHEMBL1614121",0.539602727655825,0.571367461603639,0.569013531698565
"CHEMBL1614155",0.641824526420738,0.683221932301533,0.558988458188153
"CHEMBL1614201",0.749164657966919,0.734121636075814,0.779617884269047
"CHEMBL1963790",0.729822437449556,0.758856275303644,0.756942163838716
"CHEMBL1738132",0.758742260949324,0.766003487634749,0.765850029228889
"CHEMBL1613794",0.599868360194969,0.555165060811878,0.589622641509434
"CHEMBL1614067",0.616884647107341,0.564459930313589,0.580573220279103
"CHEMBL1963888",0.744305823449748,0.676771091578394,0.684946440420893
"CHEMBL3214967",0.85195394539454,0.837899543378995,0.771661695847692
"CHEMBL3215169",0.853619909502263,0.776886623748212,0.850336322869955
"CHEMBL1738573",0.748556581986143,0.412296564195298,0.505422993492408
"CHEMBL1794310",0.553609467455621,0.531761427765237,0.464065255731922
"CHEMBL1613779",0.807468275431662,0.759305210918114,0.758974358974359
"CHEMBL1614501",0.416834677419355,0.514076335877863,0.461464968152866
"CHEMBL3214913",0.861350199965223,0.848312427793365,0.884975400008269
"CHEMBL1614090",0.618192228562556,0.576522905962158,0.578498311980609
"CHEMBL2114796",0.847842279592386,0.838901990170366,0.821402022004163
"CHEMBL1614554",0.585553772070626,0.639243863625404,0.600952380952381
"CHEMBL1614456",0.437117059013222,0.678070175438596,0.6748
"CHEMBL3215073",0.706909249611304,0.686492482368442,0.711933323520754
"CHEMBL1613936",0.680582763774614,0.615623233908948,0.621387559808612
"CHEMBL1613803",0.439718934911243,0.67262996941896,0.664569536423841
"CHEMBL1738598",0.618072799951548,0.57413302374354,0.610587048087048
"CHEMBL1737993",0.568799697084438,0.662902551233793,0.721286889211417
"CHEMBL1614027",0.699536120492217,0.711088702900743,0.749661885245902
"CHEMBL1613792",0.74600726073485,0.730517670107754,0.736391299447763
"CHEMBL1614134",0.700347133486668,0.702709700277306,0.617763558805606
"CHEMBL1614158",0.733975005039307,0.793333333333333,0.62462962962963
"CHEMBL1794496",0.709116541353383,0.772140957446809,0.693477390956383
"CHEMBL1794512",0.704910163214923,0.675703356277912,0.698807877231114
"CHEMBL1614120",0.813192346424975,0.442455242966752,0.552828175026681
"CHEMBL1794324",0.605951719857577,0.604974659909309,0.570658206582066
"CHEMBL1613869",0.576459566987417,0.543908049611472,0.597417043740573
"CHEMBL1040693",0.714685615848407,0.739066267564646,0.623778249951709
"CHEMBL3215046",0.833812673351824,0.808509932976518,0.807926929392446
"CHEMBL1963988",0.68836192011051,0.70980478496991,0.653703946792684
"CHEMBL2114924",0.636919315403423,0.695188017845762,0.571057223231136
"CHEMBL1794426",0.639471021823963,0.628086794591531,0.609624297608794
"CHEMBL1614164",0.661385523454489,0.611178639439245,0.613303451781341
"CHEMBL3214845",0.767981195352737,0.801789620202824,0.835762152109786
"CHEMBL1614252",0.638922518159806,0.600321395775941,0.6414375
"CHEMBL1614064",0.833004747409429,0.852890614628966,0.836677407805227
"CHEMBL1614213",0.578279816513761,0.518258916166704,0.549736000594928
"CHEMBL1614307",0.6904309252218,0.683618376928236,0.503037834852251
"CHEMBL1613797",0.553509125067096,0.497668153102936,0.519803111540828
"CHEMBL1614110",0.62087433055175,0.672568562308644,0.709698087056578
"CHEMBL1794536",0.903431680267838,0.940435694729232,0.850891958826716
"CHEMBL1614141",0.724733354043699,0.699313690624685,0.677303739859861
"CHEMBL1614153",0.499788940481216,0.536315934824634,0.567907314291639
"CHEMBL3215270",0.829111344206699,0.794284811459869,0.833130718400542
"CHEMBL1614137",0.600547270190127,0.59520150714787,0.592469077284218
"CHEMBL1613777",0.755542743097904,0.707136066163914,0.773245614035088
"CHEMBL1738569",0.666271507925755,0.632662737925896,0.629162016369048
"CHEMBL1614538",0.688438525381201,0.680237051199853,0.666974916726476
"CHEMBL1614166",0.753621967654986,0.821868944865246,0.798072600584401
"CHEMBL1614263",0.588596938473031,0.603596296339834,0.624331945551717
"CHEMBL1613829",0.578662962962963,0.563860572638146,0.523813764475817
"CHEMBL1613800",0.929550334571062,0.933131536604988,0.948489245476272
"CHEMBL1614481",0.623402005963676,0.588527586363649,0.636453101669608
"CHEMBL1613776",0.578929159513716,0.525222200276516,0.525707367557751
"CHEMBL1614240",0.623990643989704,0.619389639098865,0.63638287536494
"CHEMBL1794486",0.927003513073822,0.931015639302972,0.906802283579723
"CHEMBL1613970",0.64349394310603,0.755231975967957,0.644619706421534
"CHEMBL1613886",0.772300981461287,0.772136406399062,0.795212778349867
"CHEMBL1738606",0.730246026204461,0.706989986313068,0.69536338740257
"CHEMBL2354282",0.649381538736086,0.735035434067325,0.689834130456904
"CHEMBL1614331",0.745239027515751,0.66714357087705,0.601535211267606
"CHEMBL1614531",0.594178981937603,0.567343394234723,0.648240341610507
"CHEMBL3215017",0.78817615658363,0.825507689457106,0.81996904218003
"CHEMBL1613983",0.797123855800142,0.852540054241986,0.775661202185792
"CHEMBL1613930",0.657964475988739,0.584567098311806,0.623518177028451
"CHEMBL1738317",0.901109454199932,0.900464317471878,0.894129690483974
"CHEMBL1614521",0.568468477076844,0.570671773318872,0.565072059507206
"CHEMBL1614108",0.708821450591756,0.756888943119191,0.811091989987484
"CHEMBL1614076",0.667661636184639,0.640033515875153,0.686611652450235
"CHEMBL1614428",0.727344899245803,0.710802764916656,0.703871006743867
"CHEMBL1614453",0.631954121863799,0.622742736850507,0.609997103835132
"CHEMBL1794495",0.598342365317182,0.836692370604043,0.807159968059622
"CHEMBL2114817",0.758489858373263,0.758443099522774,0.705799316133717
"CHEMBL1794569",0.813946556502641,0.782261808282124,0.787186798369589
"CHEMBL2114807",0.880073557549215,0.874066322873066,0.886015887008209
"CHEMBL1614227",0.627940743052305,0.590948223985918,0.626246531243631
"CHEMBL1613995",0.725807293751545,0.713471068769659,0.753561381715761
"CHEMBL1614414",0.556987727049583,0.583735732821901,0.563490842209008
"CHEMBL1613996",0.725511469311841,0.704427177348137,0.734815229041428
"CHEMBL1613808",0.602332242225859,0.620404726261762,0.588636649894928
"CHEMBL1794461",0.796770216501971,0.749926744738251,0.782163742690059
"CHEMBL2114836",0.855867272499896,0.862084038913409,0.890653862038605
"CHEMBL1614052",0.587659639944607,0.505737595885248,0.579851140270677
"CHEMBL1614234",0.80712708247352,0.757117208138701,0.785438772288644
"CHEMBL1613992",0.637673626442945,0.613275213180943,0.637024744398666
"CHEMBL1614103",0.584811910349998,0.534292590130556,0.541826975782665
"CHEMBL2114738",0.746404342346861,0.712287060716053,0.72362895297128
"CHEMBL1794585",0.889342962832482,0.840246158224246,0.787878787878788
"CHEMBL1614364",0.736246482675336,0.683476101666804,0.708759675673468
"CHEMBL1794311",0.788552936912673,0.781164416672447,0.79942620268155
"CHEMBL1963935",0.917324862637363,0.876489287957888,0.852273635115137
"CHEMBL2114713",0.699440603690265,0.655043452130537,0.683963517643263
"CHEMBL1614281",0.624465494699904,0.574799782341779,0.61033873993159
"CHEMBL2114861",0.871292084807354,0.851565020974508,0.850667889623811
"CHEMBL3215278",0.76868567998312,0.792234524851466,0.773876217463341
"CHEMBL2114784",0.849796929822062,0.852316600583741,0.865586306952843
"CHEMBL1614031",0.581274076132688,0.551807241656444,0.56840708613836
"CHEMBL1614275",0.734688113618635,0.720806786622792,0.664633591420131
"CHEMBL1794440",0.86585179526356,0.985711535769285,0.945759845373279
"CHEMBL1964014",0.770642965946255,0.708369614928466,0.756841663320069
"CHEMBL1613910",0.682194103513901,0.651864077344028,0.635755464195294
"CHEMBL1963954",0.895092549964795,0.840311971890919,0.882319284883613
"CHEMBL1964086",0.823272432719138,0.743995848146696,0.819922614275726
"CHEMBL1964062",0.889434052570945,0.860809031069919,0.867861424478489
"CHEMBL1963887",0.886901806476172,0.85190546523009,0.867651823810593
"CHEMBL1614280",0.711621320560305,0.653974913910718,0.662550201458507
"CHEMBL1963848",0.888241379123587,0.815009930061742,0.881051211272248
"CHEMBL1963889",0.84635083393669,0.804426117509272,0.865143034395598
"CHEMBL1741321",0.791178732914928,0.761529810977712,0.797424384819197
"CHEMBL1614250",0.572052845528455,0.548897380743573,0.531837433454571
"CHEMBL1614361",0.539568793315995,0.505847306247565,0.560207392239739
"CHEMBL1741325",0.802035805004452,0.7869373205636,0.819392654750768
"CHEMBL2354287",0.744625417107512,0.761792228093095,0.781783634774984
"CHEMBL1614502",0.748589179040792,0.702443760381725,0.715639206970694
"CHEMBL1614342",0.880647978837008,0.883679369404893,0.914147768032261
"CHEMBL1741323",0.803551950364625,0.805033625212859,0.824632974837262
"CHEMBL1963963",0.86914266314059,0.826897080614553,0.855397414312735
"CHEMBL1794584",0.802645227862267,0.815134980534591,0.822481793478532
"CHEMBL1613918",0.60161979839107,0.57551871352119,0.588568321637069
"CHEMBL1741322",0.897283288532812,0.856251005826964,0.872569702237594
"CHEMBL1964074",0.889042068716746,0.83659253829172,0.888230654408522
"CHEMBL2114913",0.679652380465877,0.576317282709327,0.623201983387983
"CHEMBL1741324",0.822696180874248,0.824378738506948,0.834996365389082
"CHEMBL1614410",0.591270908339433,0.555223697579091,0.516255816255816
"CHEMBL1613838",0.885130060139264,0.884905037432007,0.902696554541252
"CHEMBL1794424",0.851601839163956,0.872915034322801,0.88039062433189
"CHEMBL2114775",0.855728107362513,0.848061234342467,0.870338768343158
"CHEMBL1614079",0.627946262917747,0.602148250446728,0.626491942881605
"CHEMBL1614038",0.779609761476081,0.748314727206937,0.760491022983631
"CHEMBL1737991",0.947395533358887,0.944467750742472,0.959027512786957
"CHEMBL2114843",0.795763830157909,0.772741460536998,0.783239202024556
"CHEMBL1614211",0.80638211790277,0.836138457647026,0.855127814715187
"CHEMBL1964017",0.885452869771283,0.826152554635844,0.861834368434824
"CHEMBL1964099",0.867345635550898,0.80404449390138,0.808473153881933
"CHEMBL1963885",0.888628014924978,0.846305265496556,0.856222018563504
"CHEMBL2114788",0.905309999468807,0.902383068203541,0.91181758680462
"CHEMBL1613769",0.727066945409019,0.724654117381043,0.721025060848425
"CHEMBL1613836",0.79877146938528,0.768681703801697,0.798506865395561
"CHEMBL1614174",0.650081735817085,0.619325914304555,0.62913618185615
"CHEMBL1963976",0.873129879068367,0.81325362675203,0.838749495676448
"CHEMBL1963900",0.853995869611839,0.776903768151857,0.789472313603275
"CHEMBL1738312",0.879842680002893,0.878465190904504,0.896602751146311
"CHEMBL1614544",0.661465480353533,0.620414880169406,0.625324764043961
"CHEMBL1794352",0.836773737373737,0.790671494248803,0.823056541245252
"CHEMBL1963945",0.867726098817497,0.762504406062742,0.802013824850363
"CHEMBL1964045",0.865673790738706,0.810685412490209,0.828149266604195
"CHEMBL1964063",0.878283277162898,0.803348074132289,0.846509257322571
"CHEMBL2114780",0.762132319637004,0.724010925179288,0.761685792012051
"CHEMBL1614236",0.737526775942393,0.712487417034267,0.721813520270212
"CHEMBL1614161",0.63008742464155,0.64369118889554,0.667152221780248
"CHEMBL1963882",0.849705268682317,0.810596515383749,0.810742082168946
"CHEMBL1964034",0.871533441843235,0.773431385408968,0.816999415012382
"CHEMBL1613914",0.731976843364219,0.687633754958296,0.712822492619762
"CHEMBL1963921",0.873089309777838,0.817374089360283,0.83283969669842
"CHEMBL1614441",0.643600577363014,0.63292698200096,0.651582539607204
"CHEMBL3215181",0.897033283661599,0.862154585829558,0.90562824468932
"CHEMBL1614257",0.685854829849195,0.626967328611419,0.653279081994194
"CHEMBL1964009",0.855393267881427,0.790797691271625,0.809722468641967
"CHEMBL1963991",0.829017687723602,0.758733417095069,0.794485409160164
"CHEMBL1613842",0.775053529807925,0.770952025477247,0.774700522836543
"CHEMBL1964075",0.832449684012431,0.796462183235867,0.807462992819912
"CHEMBL1963860",0.865972116509532,0.78905153189733,0.829906372539504
"CHEMBL1964065",0.801718556865475,0.762803111016407,0.781230479137456
"CHEMBL1964087",0.902826035607678,0.823923595887838,0.877562032267179
"CHEMBL1963895",0.906892252847439,0.835290967400651,0.873318388144013
"CHEMBL1964092",0.853548401804815,0.821266581325131,0.823720632657661
"CHEMBL1963994",0.80429352364873,0.754050123211859,0.779525148254276
"CHEMBL1964025",0.862073482878852,0.778395338499153,0.82953030701566
"CHEMBL1964004",0.873465955126129,0.799676298417058,0.834073435880671
"CHEMBL1963866",0.837524071494085,0.736358598081711,0.786796497386179
"CHEMBL1963903",0.867032213000247,0.812199889623341,0.816770108244804
"CHEMBL1964066",0.874785604523385,0.814756348246675,0.824554490160806
"CHEMBL1964037",0.860899638411591,0.819586794331716,0.840291492074183
"CHEMBL1964018",0.884010136110816,0.816956459495085,0.860966811310015
"CHEMBL1963844",0.878817181857121,0.81042755948137,0.82348970073856
"CHEMBL1964091",0.870541315151723,0.760401863473094,0.823009181121675
"CHEMBL1964049",0.889194181425294,0.828396147961202,0.840372420279632
"CHEMBL1963911",0.848649654327592,0.78555570258627,0.809988341231195
"CHEMBL1964059",0.908395165441678,0.84311450190433,0.859171667132311
"CHEMBL1963961",0.802704939526817,0.773063858755527,0.785493944114634
"CHEMBL1964043",0.880018707321724,0.826508178765963,0.854881579002291
"CHEMBL1964021",0.873400367638319,0.805790766240996,0.836557111665816
"CHEMBL1964085",0.877911047138033,0.830046798334227,0.833724396500986
"CHEMBL1963880",0.883650343234383,0.806230417408217,0.828251711872833
"CHEMBL1964040",0.824926697311115,0.789938288557148,0.809634848996119
"CHEMBL1964088",0.837713829397287,0.794966747896012,0.814964222588599
"CHEMBL1964007",0.90193267580511,0.798514254756286,0.847306637238008
"CHEMBL1964047",0.893713321280473,0.837134476288032,0.848328191244285
"CHEMBL1963901",0.880996318461169,0.842199842093381,0.850631902338878
"CHEMBL1614421",0.764159762591597,0.763904313165098,0.755242420951121
"CHEMBL1963990",0.829302902257004,0.763216431438984,0.822872620911426
"CHEMBL1963876",0.89851526579011,0.840446413038312,0.865963763457759
"CHEMBL1963989",0.888390342177425,0.838554625715156,0.870935927291121
"CHEMBL1614249",0.632907601076168,0.630293980820908,0.631154854125092
"CHEMBL1963953",0.880106739925111,0.834041982685973,0.839539020481165
"CHEMBL1963854",0.901938783048371,0.840217575137105,0.857492197401485
"CHEMBL1963985",0.891809738549606,0.827967806841046,0.846910794518599
"CHEMBL1964030",0.831998659007354,0.790200139984022,0.80273553460348
"CHEMBL1963960",0.893545046057809,0.814466007140732,0.846067430669152
"CHEMBL1963929",0.874766453217382,0.793693295869677,0.828191867809555
"CHEMBL1964006",0.880024211587369,0.822803605509096,0.862118301177573
"CHEMBL1963868",0.866276429289112,0.817924651457121,0.818227157666345
"CHEMBL1963922",0.879828135469945,0.8402437231917,0.848068817533012
"CHEMBL1964077",0.878739388937129,0.825278009935565,0.841624479702152
"CHEMBL1964048",0.882175880425933,0.853377595980084,0.84907479365236
"CHEMBL1964012",0.878526999130813,0.81326937542674,0.868256238986743
"CHEMBL3215106",0.641827812186872,0.639691003202006,0.56029253046993
"CHEMBL1614087",0.711799641891537,0.689186555873625,0.706970054970034
"CHEMBL2114810",0.769547224692736,0.745427781623807,0.785011208599293
"CHEMBL1963874",0.868579128032544,0.831451609919777,0.8452835011592
"CHEMBL1964072",0.878881809425977,0.83896022913893,0.857416362485046
"CHEMBL1963981",0.893032021357048,0.83848991913387,0.857336222180461
"CHEMBL2354254",0.839799248766197,0.791564661408709,0.761299192496765
"CHEMBL1614530",0.606528094587724,0.585890151368814,0.602998101060537
"CHEMBL1738442",0.824369485683882,0.831211050138038,0.861192541367671
"CHEMBL1794553",0.716458338392889,0.686017894069376,0.705474022810048
"CHEMBL1614458",0.657777795855877,0.649353373435713,0.676123797717634
"CHEMBL2354221",0.83018809138805,0.838704649433629,0.797209293825235
"CHEMBL1614459",0.539388101266712,0.502831138745666,0.513116785821311
"CHEMBL1794345",0.73614114828919,0.705437135526673,0.727853788091757
"CHEMBL1794580",0.878815522216475,0.879287150261312,0.895837829786269
"CHEMBL1794401",0.886622793041011,0.902269464229705,0.908762461544274
"CHEMBL1794483",0.808464707806813,0.810597606445442,0.835048266338331
